SU001;OPE0001;15/05/2024 07:03:00;15/05/2024 07:59:00;USER132;COMPRA02;2;131 €;Finalizado
SU001;OPE0002;15/05/2024 15:05:00;15/05/2024 15:16:00;USER130;COMPRA02;2;171 €;Finalizado
SU001;OPE0003;15/05/2024 22:50:00;15/05/2024 23:21:00;USER187;COMPRA02;1;-49 €;Finalizado
SU001;OPE0004;15/05/2024 06:46:00;15/05/2024 07:03:00;USER168;COMPRA01;2;69 €;Finalizado
SU001;OPE0005;15/05/2024 12:15:00;15/05/2024 12:41:00;USER160;COMPRA02;2;-163 €;Finalizado
SU001;OPE0006;15/05/2024 21:18:00;15/05/2024 21:47:00;USER165;COMPRA02;2;201 €;Finalizado
SU001;OPE0007;15/05/2024 23:33:00;15/05/2024 23:44:00;USER139;COMPRA02;1;116 €;Finalizado
SU001;OPE0008;15/05/2024 07:08:00;15/05/2024 07:09:00;USER140;COMPRA02;1;-34 €;Finalizado
SU001;OPE0009;15/05/2024 05:33:00;15/05/2024 06:03:00;USER184;COMPRA02;1;152 €;Error
SU001;OPE0010;15/05/2024 19:52:00;15/05/2024 20:07:00;USER133;COMPRA01;2;73 €;Correcto
SU001;OPE0011;15/05/2024 17:44:00;15/05/2024 17:45:00;USER157;COMPRA02;1;-98 €;Correcto
SU001;OPE0012;15/05/2024 16:00:00;15/05/2024 16:22:00;USER171;COMPRA02;2;-164 €;Error
SU001;OPE0013;15/05/2024 12:07:00;15/05/2024 12:11:00;USER144;COMPRA01;1;22 €;Finalizado
SU001;OPE0014;15/05/2024 19:43:00;15/05/2024 19:59:00;USER113;COMPRA02;1;-41 €;Finalizado
SU001;OPE0015;15/05/2024 00:19:00;15/05/2024 00:53:00;USER113;COMPRA01;2;-228 €;Finalizado
SU001;OPE0016;15/05/2024 08:53:00;15/05/2024 09:50:00;USER125;COMPRA02;2;24 €;Finalizado
SU001;OPE0017;15/05/2024 16:19:00;15/05/2024 17:02:00;USER107;COMPRA02;2;-107 €;Finalizado
SU001;OPE0018;15/05/2024 15:46:00;15/05/2024 16:34:00;USER111;COMPRA02;1;-44 €;Finalizado
SU001;OPE0019;15/05/2024 16:17:00;15/05/2024 16:36:00;USER102;COMPRA02;1;235 €;Finalizado
SU001;OPE0020;15/05/2024 00:49:00;15/05/2024 01:02:00;USER106;COMPRA01;2;-30 €;Finalizado
SU001;OPE0501;15/05/2024 22:11:00;15/05/2024 23:06:00;FRAU001;COMPRA02;1;228 €;Finalizado
SU001;OPE0502;15/05/2024 22:11:00;15/05/2024 23:06:00;FRAU001;COMPRA02;1;-235 €;Finalizado
SU001;OPE0503;15/05/2024 22:11:00;15/05/2024 23:06:00;FRAU001;COMPRA01;1;-59 €;Finalizado
SU001;OPE0504;15/05/2024 22:11:00;15/05/2024 23:06:00;FRAU001;COMPRA02;1;239 €;Finalizado
SU001;OPE0505;15/05/2024 22:11:00;15/05/2024 23:06:00;FRAU001;COMPRA02;2;-37 €;Finalizado
SU001;OPE0506;15/05/2024 22:11:00;15/05/2024 23:06:00;FRAU001;COMPRA02;2;96 €;Finalizado
SU001;OPE0601;15/05/2024 19:58:00;15/05/2024 20:12:00;FRAU002;COMPRA01;1;-100 €;Finalizado
SU001;OPE0602;15/05/2024 19:58:00;15/05/2024 20:12:00;FRAU002;COMPRA02;2;-100 €;Finalizado
SU001;OPE0603;15/05/2024 19:58:00;15/05/2024 20:12:00;FRAU002;COMPRA01;2;-100 €;Finalizado
SU001;OPE0604;15/05/2024 19:58:00;15/05/2024 20:12:00;FRAU002;COMPRA01;1;-100 €;Finalizado
SU001;OPE0701;15/05/2024 21:39:00;15/05/2024 22:17:00;FRAU003;COMPRA01;2;-11 €;Error
SU001;OPE0702;15/05/2024 11:05:00;15/05/2024 11:26:00;FRAU003;COMPRA01;1;68 €;Error
SU001;OPE0703;15/05/2024 13:46:00;15/05/2024 14:33:00;FRAU003;COMPRA01;2;-14 €;Error
SU001;OPE0704;15/05/2024 13:28:00;15/05/2024 14:01:00;FRAU003;COMPRA02;1;-48 €;Error
SU001;OPE0801;15/05/2024 04:49:00;15/05/2024 05:20:00;FRAU004;COMPRA02;1;49 €;Finalizado
SU001;OPE0802;15/05/2024 10:46:00;15/05/2024 11:01:00;FRAU004;COMPRA02;2;-59 €;Finalizado
SU001;OPE0803;15/05/2024 08:12:00;15/05/2024 09:11:00;FRAU004;COMPRA02;3;-15 €;Finalizado
SU001;OPE0804;15/05/2024 23:48:00;15/05/2024 00:20:00;FRAU004;COMPRA02;4;51 €;Finalizado
SU001;OPE0901;15/05/2024 08:17:00;15/05/2024 08:25:00;FRAU005;COMPRA01;1;100 €;Finalizado
SU001;OPE0902;15/05/2024 18:46:00;15/05/2024 19:01:00;FRAU005;COMPRA02;2;-200 €;Finalizado
SU001;OPE0001;15/05/2024 20:15:00;15/05/2024 20:35:00;USER127;COMPRA02;2;67 €;Finalizado
SU001;OPE0002;15/05/2024 16:33:00;15/05/2024 17:12:00;USER109;COMPRA02;2;59 €;Finalizado
SU001;OPE0003;15/05/2024 10:24:00;15/05/2024 11:00:00;USER103;COMPRA01;2;-31 €;Finalizado
SU001;OPE0004;15/05/2024 04:39:00;15/05/2024 05:10:00;USER147;COMPRA02;2;-86 €;Finalizado
SU001;OPE0005;15/05/2024 14:48:00;15/05/2024 15:05:00;USER189;COMPRA01;2;-1 €;Correcto
SU001;OPE0006;15/05/2024 13:31:00;15/05/2024 13:45:00;USER146;COMPRA01;1;-19 €;Correcto
SU001;OPE0007;15/05/2024 20:07:00;15/05/2024 20:23:00;USER146;COMPRA02;1;-135 €;Finalizado
SU001;OPE0008;15/05/2024 21:03:00;15/05/2024 21:29:00;USER190;COMPRA02;2;231 €;Finalizado
SU001;OPE0009;15/05/2024 18:19:00;15/05/2024 18:19:00;USER185;COMPRA01;1;-3 €;Finalizado
SU001;OPE0010;15/05/2024 03:44:00;15/05/2024 03:53:00;USER132;COMPRA02;2;-167 €;Correcto
SU001;OPE0011;15/05/2024 10:17:00;15/05/2024 11:16:00;USER168;COMPRA02;2;227 €;Correcto
SU001;OPE0012;15/05/2024 00:07:00;15/05/2024 00:37:00;USER115;COMPRA01;1;-22 €;Finalizado
SU001;OPE0013;15/05/2024 14:31:00;15/05/2024 14:57:00;USER155;COMPRA02;2;-1 €;Finalizado
SU001;OPE0014;15/05/2024 11:21:00;15/05/2024 11:54:00;USER110;COMPRA02;1;81 €;Finalizado
SU001;OPE0015;15/05/2024 13:37:00;15/05/2024 13:37:00;USER120;COMPRA01;1;91 €;Finalizado
SU001;OPE0016;15/05/2024 00:04:00;15/05/2024 00:29:00;USER139;COMPRA01;1;32 €;Finalizado
SU001;OPE0017;15/05/2024 16:48:00;15/05/2024 17:33:00;USER128;COMPRA02;2;82 €;Finalizado
SU001;OPE0018;15/05/2024 00:53:00;15/05/2024 01:48:00;USER124;COMPRA02;2;-172 €;Finalizado
SU001;OPE0019;15/05/2024 19:38:00;15/05/2024 20:16:00;USER190;COMPRA02;2;210 €;Correcto
SU001;OPE0020;15/05/2024 20:27:00;15/05/2024 20:50:00;USER169;COMPRA01;1;-89 €;Finalizado
SU002;OPE0001;15/05/2024 09:36:00;15/05/2024 09:50:00;USER137;COMPRA02;1;163 €;Finalizado
SU002;OPE0002;15/05/2024 13:56:00;15/05/2024 14:33:00;USER150;COMPRA02;1;-186 €;Finalizado
SU002;OPE0003;15/05/2024 05:03:00;15/05/2024 05:46:00;USER137;COMPRA01;1;-155 €;Finalizado
SU002;OPE0004;15/05/2024 10:08:00;15/05/2024 10:21:00;USER189;COMPRA01;1;-43 €;Finalizado
SU002;OPE0005;15/05/2024 23:44:00;15/05/2024 00:13:00;USER191;COMPRA01;1;17 €;Correcto
SU002;OPE0006;15/05/2024 09:34:00;15/05/2024 10:28:00;USER111;COMPRA02;1;31 €;Error
SU002;OPE0007;15/05/2024 21:13:00;15/05/2024 21:57:00;USER101;COMPRA01;1;-121 €;Error
SU002;OPE0008;15/05/2024 09:29:00;15/05/2024 10:07:00;USER143;COMPRA01;2;-167 €;Finalizado
SU002;OPE0009;15/05/2024 13:16:00;15/05/2024 14:12:00;USER120;COMPRA01;1;59 €;Finalizado
SU002;OPE0010;15/05/2024 12:06:00;15/05/2024 12:06:00;USER120;COMPRA01;2;-146 €;Finalizado
SU002;OPE0011;15/05/2024 03:43:00;15/05/2024 04:14:00;USER133;COMPRA02;1;-125 €;Error
SU002;OPE0012;15/05/2024 15:27:00;15/05/2024 16:00:00;USER179;COMPRA02;2;216 €;Finalizado
SU002;OPE0013;15/05/2024 16:43:00;15/05/2024 17:26:00;USER185;COMPRA01;1;-88 €;Finalizado
SU002;OPE0014;15/05/2024 19:44:00;15/05/2024 20:03:00;USER102;COMPRA01;1;-25 €;Finalizado
SU002;OPE0015;15/05/2024 19:53:00;15/05/2024 20:43:00;USER180;COMPRA02;2;73 €;Finalizado
SU002;OPE0016;15/05/2024 04:48:00;15/05/2024 04:54:00;USER198;COMPRA02;1;-236 €;Finalizado
SU002;OPE0017;15/05/2024 11:41:00;15/05/2024 12:25:00;USER165;COMPRA01;1;-176 €;Finalizado
SU002;OPE0018;15/05/2024 05:37:00;15/05/2024 05:44:00;USER188;COMPRA01;1;230 €;Finalizado
SU002;OPE0019;15/05/2024 14:47:00;15/05/2024 15:03:00;USER154;COMPRA01;2;6 €;Finalizado
SU002;OPE0020;15/05/2024 04:01:00;15/05/2024 04:21:00;USER146;COMPRA01;1;-207 €;Finalizado
SU003;OPE0001;15/05/2024 01:49:00;15/05/2024 02:15:00;USER126;COMPRA02;2;-245 €;Error
SU003;OPE0002;15/05/2024 17:40:00;15/05/2024 18:38:00;USER121;COMPRA01;2;12 €;Finalizado
SU003;OPE0003;15/05/2024 08:57:00;15/05/2024 09:48:00;USER200;COMPRA02;1;122 €;Finalizado
SU003;OPE0004;15/05/2024 23:57:00;15/05/2024 00:49:00;USER158;COMPRA01;2;199 €;Finalizado
SU003;OPE0005;15/05/2024 02:40:00;15/05/2024 03:28:00;USER183;COMPRA01;1;-54 €;Correcto
SU003;OPE0006;15/05/2024 15:59:00;15/05/2024 16:28:00;USER179;COMPRA01;2;-82 €;Correcto
SU003;OPE0007;15/05/2024 20:10:00;15/05/2024 20:49:00;USER159;COMPRA01;2;-245 €;Finalizado
SU003;OPE0008;15/05/2024 10:52:00;15/05/2024 11:39:00;USER143;COMPRA01;1;-202 €;Finalizado
SU003;OPE0009;15/05/2024 07:49:00;15/05/2024 08:18:00;USER132;COMPRA02;1;-85 €;Finalizado
SU003;OPE0010;15/05/2024 22:55:00;15/05/2024 23:40:00;USER140;COMPRA01;2;-127 €;Finalizado
SU003;OPE0011;15/05/2024 15:04:00;15/05/2024 15:23:00;USER114;COMPRA02;1;-27 €;Finalizado
SU003;OPE0012;15/05/2024 06:26:00;15/05/2024 06:34:00;USER141;COMPRA02;1;109 €;Finalizado
SU003;OPE0013;15/05/2024 20:30:00;15/05/2024 20:34:00;USER145;COMPRA01;2;-219 €;Correcto
SU003;OPE0014;15/05/2024 08:28:00;15/05/2024 09:07:00;USER152;COMPRA01;2;162 €;Finalizado
SU003;OPE0015;15/05/2024 23:08:00;15/05/2024 23:59:00;USER191;COMPRA02;2;-137 €;Finalizado
SU003;OPE0016;15/05/2024 16:54:00;15/05/2024 17:32:00;USER107;COMPRA01;2;243 €;Finalizado
SU003;OPE0017;15/05/2024 13:38:00;15/05/2024 13:53:00;USER108;COMPRA01;1;-38 €;Correcto
SU003;OPE0018;15/05/2024 20:50:00;15/05/2024 21:34:00;USER183;COMPRA01;2;166 €;Finalizado
SU003;OPE0019;15/05/2024 23:17:00;15/05/2024 23:41:00;USER117;COMPRA02;2;-247 €;Finalizado
SU003;OPE0020;15/05/2024 04:15:00;15/05/2024 05:08:00;USER112;COMPRA01;1;128 €;Finalizado
SU001;OPE0001;15/05/2024 13:34:00;15/05/2024 13:48:00;USER196;COMPRA01;1;-157 €;Finalizado
SU001;OPE0002;15/05/2024 08:37:00;15/05/2024 09:12:00;USER131;COMPRA02;1;209 €;Finalizado
SU001;OPE0003;15/05/2024 03:31:00;15/05/2024 03:32:00;USER183;COMPRA01;1;238 €;Finalizado
SU001;OPE0004;15/05/2024 13:24:00;15/05/2024 13:59:00;USER154;COMPRA01;1;199 €;Finalizado
SU001;OPE0005;15/05/2024 03:23:00;15/05/2024 04:12:00;USER164;COMPRA01;1;-41 €;Correcto
SU001;OPE0006;15/05/2024 10:37:00;15/05/2024 11:34:00;USER101;COMPRA01;2;40 €;Finalizado
SU001;OPE0007;15/05/2024 15:21:00;15/05/2024 16:04:00;USER108;COMPRA02;1;-217 €;Error
SU001;OPE0008;15/05/2024 14:10:00;15/05/2024 14:10:00;USER149;COMPRA02;2;77 €;Error
SU001;OPE0009;15/05/2024 20:41:00;15/05/2024 20:45:00;USER129;COMPRA01;2;-169 €;Finalizado
SU001;OPE0010;15/05/2024 02:30:00;15/05/2024 03:00:00;USER145;COMPRA01;1;-210 €;Finalizado
SU001;OPE0011;15/05/2024 02:24:00;15/05/2024 02:54:00;USER125;COMPRA02;2;-243 €;Finalizado
SU001;OPE0012;15/05/2024 11:28:00;15/05/2024 11:31:00;USER120;COMPRA02;1;120 €;Finalizado
SU001;OPE0013;15/05/2024 13:43:00;15/05/2024 13:52:00;USER150;COMPRA01;1;-142 €;Finalizado
SU001;OPE0014;15/05/2024 13:14:00;15/05/2024 13:44:00;USER111;COMPRA01;1;185 €;Correcto
SU001;OPE0015;15/05/2024 14:20:00;15/05/2024 14:56:00;USER156;COMPRA02;1;137 €;Finalizado
SU001;OPE0016;15/05/2024 01:32:00;15/05/2024 01:45:00;USER128;COMPRA02;2;2 €;Error
SU001;OPE0017;15/05/2024 17:08:00;15/05/2024 17:36:00;USER186;COMPRA01;2;185 €;Finalizado
SU001;OPE0018;15/05/2024 19:42:00;15/05/2024 20:32:00;USER122;COMPRA02;1;-154 €;Correcto
SU001;OPE0019;15/05/2024 00:11:00;15/05/2024 00:50:00;USER193;COMPRA01;1;242 €;Error
SU001;OPE0020;15/05/2024 17:04:00;15/05/2024 17:41:00;USER186;COMPRA02;2;240 €;Finalizado
SU002;OPE0001;15/05/2024 05:32:00;15/05/2024 06:23:00;USER146;COMPRA02;2;-147 €;Finalizado
SU002;OPE0002;15/05/2024 05:27:00;15/05/2024 05:58:00;USER123;COMPRA02;2;-152 €;Finalizado
SU002;OPE0003;15/05/2024 18:56:00;15/05/2024 19:39:00;USER169;COMPRA02;1;178 €;Finalizado
SU002;OPE0004;15/05/2024 13:22:00;15/05/2024 14:16:00;USER134;COMPRA02;2;-188 €;Error
SU002;OPE0005;15/05/2024 08:55:00;15/05/2024 09:16:00;USER181;COMPRA02;1;-184 €;Finalizado
SU002;OPE0006;15/05/2024 11:48:00;15/05/2024 12:28:00;USER151;COMPRA01;1;-90 €;Finalizado
SU002;OPE0007;15/05/2024 03:23:00;15/05/2024 04:16:00;USER176;COMPRA01;2;-156 €;Error
SU002;OPE0008;15/05/2024 00:47:00;15/05/2024 00:47:00;USER178;COMPRA01;2;229 €;Finalizado
SU002;OPE0009;15/05/2024 07:19:00;15/05/2024 07:23:00;USER110;COMPRA02;2;144 €;Finalizado
SU002;OPE0010;15/05/2024 14:58:00;15/05/2024 15:06:00;USER168;COMPRA01;2;-158 €;Finalizado
SU002;OPE0011;15/05/2024 14:10:00;15/05/2024 15:07:00;USER183;COMPRA02;1;199 €;Finalizado
SU002;OPE0012;15/05/2024 01:56:00;15/05/2024 02:30:00;USER124;COMPRA01;1;161 €;Finalizado
SU002;OPE0013;15/05/2024 11:43:00;15/05/2024 12:24:00;USER167;COMPRA01;1;217 €;Finalizado
SU002;OPE0014;15/05/2024 00:28:00;15/05/2024 00:32:00;USER108;COMPRA02;1;162 €;Finalizado
SU002;OPE0015;15/05/2024 14:46:00;15/05/2024 15:44:00;USER117;COMPRA02;2;228 €;Finalizado
SU002;OPE0016;15/05/2024 17:42:00;15/05/2024 18:05:00;USER139;COMPRA02;1;83 €;Finalizado
SU002;OPE0017;15/05/2024 16:04:00;15/05/2024 16:53:00;USER136;COMPRA02;2;-24 €;Finalizado
SU002;OPE0018;15/05/2024 09:52:00;15/05/2024 10:33:00;USER127;COMPRA01;1;-132 €;Finalizado
SU002;OPE0019;15/05/2024 10:02:00;15/05/2024 10:50:00;USER149;COMPRA02;2;38 €;Correcto
SU002;OPE0020;15/05/2024 09:38:00;15/05/2024 09:51:00;USER127;COMPRA01;2;150 €;Finalizado
SU003;OPE0001;15/05/2024 22:37:00;15/05/2024 23:08:00;USER130;COMPRA01;1;-229 €;Finalizado
SU003;OPE0002;15/05/2024 12:39:00;15/05/2024 13:19:00;USER198;COMPRA01;2;61 €;Correcto
SU003;OPE0003;15/05/2024 00:33:00;15/05/2024 00:59:00;USER195;COMPRA02;2;217 €;Finalizado
SU003;OPE0004;15/05/2024 05:04:00;15/05/2024 05:29:00;USER150;COMPRA02;1;-95 €;Correcto
SU003;OPE0005;15/05/2024 07:41:00;15/05/2024 08:21:00;USER112;COMPRA01;2;145 €;Finalizado
SU003;OPE0006;15/05/2024 07:16:00;15/05/2024 08:01:00;USER179;COMPRA02;2;216 €;Finalizado
SU003;OPE0007;15/05/2024 08:40:00;15/05/2024 09:30:00;USER137;COMPRA02;1;212 €;Finalizado
SU003;OPE0008;15/05/2024 02:10:00;15/05/2024 03:02:00;USER138;COMPRA01;1;78 €;Finalizado
SU003;OPE0009;15/05/2024 17:49:00;15/05/2024 18:28:00;USER115;COMPRA01;2;129 €;Error
SU003;OPE0010;15/05/2024 18:21:00;15/05/2024 18:48:00;USER143;COMPRA01;2;250 €;Finalizado
SU003;OPE0011;15/05/2024 16:26:00;15/05/2024 17:12:00;USER184;COMPRA01;1;187 €;Error
SU003;OPE0012;15/05/2024 12:40:00;15/05/2024 12:51:00;USER154;COMPRA02;2;-9 €;Finalizado
SU003;OPE0013;15/05/2024 06:38:00;15/05/2024 06:46:00;USER173;COMPRA02;2;243 €;Finalizado
SU003;OPE0014;15/05/2024 14:22:00;15/05/2024 14:29:00;USER108;COMPRA02;1;-38 €;Finalizado
SU003;OPE0015;15/05/2024 09:16:00;15/05/2024 09:52:00;USER131;COMPRA02;2;-224 €;Correcto
SU003;OPE0016;15/05/2024 10:44:00;15/05/2024 11:03:00;USER138;COMPRA01;2;42 €;Finalizado
SU003;OPE0017;15/05/2024 00:34:00;15/05/2024 00:42:00;USER173;COMPRA02;2;-59 €;Finalizado
SU003;OPE0018;15/05/2024 01:16:00;15/05/2024 02:07:00;USER128;COMPRA01;2;-23 €;Correcto
SU003;OPE0019;15/05/2024 05:44:00;15/05/2024 06:29:00;USER176;COMPRA01;2;90 €;Finalizado
SU003;OPE0020;15/05/2024 15:36:00;15/05/2024 16:11:00;USER109;COMPRA01;2;-183 €;Error
SU001;OPE0001;15/05/2024 18:43:00;15/05/2024 18:47:00;USER171;COMPRA02;2;125 €;Finalizado
SU001;OPE0002;15/05/2024 01:36:00;15/05/2024 02:24:00;USER155;COMPRA02;1;-135 €;Finalizado
SU001;OPE0003;15/05/2024 01:49:00;15/05/2024 02:18:00;USER169;COMPRA02;1;-75 €;Finalizado
SU001;OPE0004;15/05/2024 03:35:00;15/05/2024 03:40:00;USER158;COMPRA01;1;45 €;Error
SU001;OPE0005;15/05/2024 15:11:00;15/05/2024 15:51:00;USER133;COMPRA02;1;-202 €;Correcto
SU001;OPE0006;15/05/2024 12:31:00;15/05/2024 12:44:00;USER176;COMPRA01;2;111 €;Finalizado
SU001;OPE0007;15/05/2024 09:14:00;15/05/2024 09:52:00;USER151;COMPRA01;2;241 €;Correcto
SU001;OPE0008;15/05/2024 14:06:00;15/05/2024 14:58:00;USER158;COMPRA01;2;-70 €;Finalizado
SU001;OPE0009;15/05/2024 06:52:00;15/05/2024 07:50:00;USER132;COMPRA01;2;-50 €;Finalizado
SU001;OPE0010;15/05/2024 21:25:00;15/05/2024 22:24:00;USER198;COMPRA02;1;-117 €;Finalizado
SU001;OPE0011;15/05/2024 08:07:00;15/05/2024 08:27:00;USER187;COMPRA02;2;-148 €;Finalizado
SU001;OPE0012;15/05/2024 00:47:00;15/05/2024 01:20:00;USER141;COMPRA01;1;-7 €;Finalizado
SU001;OPE0013;15/05/2024 17:57:00;15/05/2024 18:53:00;USER178;COMPRA02;1;-149 €;Finalizado
SU001;OPE0014;15/05/2024 16:56:00;15/05/2024 17:19:00;USER169;COMPRA01;1;-12 €;Finalizado
SU001;OPE0015;15/05/2024 05:32:00;15/05/2024 05:48:00;USER122;COMPRA02;2;37 €;Finalizado
SU001;OPE0016;15/05/2024 16:59:00;15/05/2024 17:09:00;USER178;COMPRA01;1;111 €;Error
SU001;OPE0017;15/05/2024 11:06:00;15/05/2024 11:40:00;USER138;COMPRA02;2;50 €;Correcto
SU001;OPE0018;15/05/2024 09:44:00;15/05/2024 10:27:00;USER176;COMPRA01;2;-208 €;Error
SU001;OPE0019;15/05/2024 14:32:00;15/05/2024 14:32:00;USER107;COMPRA01;2;134 €;Finalizado
SU001;OPE0020;15/05/2024 17:37:00;15/05/2024 17:57:00;USER130;COMPRA02;2;-233 €;Error
SU002;OPE0001;15/05/2024 21:24:00;15/05/2024 21:49:00;USER192;COMPRA01;2;-6 €;Correcto
SU002;OPE0002;15/05/2024 09:14:00;15/05/2024 09:36:00;USER181;COMPRA01;1;-158 €;Finalizado
SU002;OPE0003;15/05/2024 23:24:00;15/05/2024 00:09:00;USER173;COMPRA02;1;138 €;Finalizado
SU002;OPE0004;15/05/2024 21:00:00;15/05/2024 21:40:00;USER114;COMPRA02;1;171 €;Finalizado
SU002;OPE0005;15/05/2024 05:22:00;15/05/2024 05:34:00;USER127;COMPRA01;1;220 €;Correcto
SU002;OPE0006;15/05/2024 03:22:00;15/05/2024 03:57:00;USER134;COMPRA02;2;223 €;Correcto
SU002;OPE0007;15/05/2024 09:02:00;15/05/2024 09:33:00;USER197;COMPRA02;2;85 €;Correcto
SU002;OPE0008;15/05/2024 17:57:00;15/05/2024 18:43:00;USER160;COMPRA01;2;-114 €;Correcto
SU002;OPE0009;15/05/2024 12:31:00;15/05/2024 13:11:00;USER131;COMPRA02;1;94 €;Correcto
SU002;OPE0010;15/05/2024 00:26:00;15/05/2024 01:08:00;USER158;COMPRA02;1;160 €;Finalizado
SU002;OPE0011;15/05/2024 18:46:00;15/05/2024 19:13:00;USER126;COMPRA02;2;-102 €;Finalizado
SU002;OPE0012;15/05/2024 17:45:00;15/05/2024 17:55:00;USER153;COMPRA02;1;164 €;Error
SU002;OPE0013;15/05/2024 17:50:00;15/05/2024 18:05:00;USER114;COMPRA02;2;240 €;Finalizado
SU002;OPE0014;15/05/2024 21:00:00;15/05/2024 21:40:00;USER121;COMPRA01;2;-136 €;Finalizado
SU002;OPE0015;15/05/2024 19:20:00;15/05/2024 19:36:00;USER193;COMPRA01;2;241 €;Correcto
SU002;OPE0016;15/05/2024 03:29:00;15/05/2024 04:14:00;USER185;COMPRA01;2;248 €;Correcto
SU002;OPE0017;15/05/2024 14:03:00;15/05/2024 14:09:00;USER180;COMPRA02;2;-234 €;Finalizado
SU002;OPE0018;15/05/2024 00:05:00;15/05/2024 00:26:00;USER109;COMPRA01;2;-147 €;Correcto
SU002;OPE0019;15/05/2024 07:17:00;15/05/2024 07:17:00;USER106;COMPRA01;2;-202 €;Finalizado
SU002;OPE0020;15/05/2024 00:18:00;15/05/2024 00:20:00;USER140;COMPRA01;2;-97 €;Finalizado
SU003;OPE0001;15/05/2024 19:06:00;15/05/2024 20:01:00;USER192;COMPRA02;2;-56 €;Finalizado
SU003;OPE0002;15/05/2024 12:34:00;15/05/2024 13:06:00;USER150;COMPRA01;2;190 €;Finalizado
SU003;OPE0003;15/05/2024 12:15:00;15/05/2024 13:09:00;USER139;COMPRA02;2;99 €;Finalizado
SU003;OPE0004;15/05/2024 14:42:00;15/05/2024 15:28:00;USER180;COMPRA02;1;152 €;Finalizado
SU003;OPE0005;15/05/2024 11:20:00;15/05/2024 12:15:00;USER188;COMPRA02;2;29 €;Finalizado
SU003;OPE0006;15/05/2024 21:01:00;15/05/2024 21:35:00;USER143;COMPRA02;2;189 €;Finalizado
SU003;OPE0007;15/05/2024 06:36:00;15/05/2024 06:36:00;USER127;COMPRA01;2;-115 €;Finalizado
SU003;OPE0008;15/05/2024 17:48:00;15/05/2024 18:37:00;USER105;COMPRA02;2;-121 €;Finalizado
SU003;OPE0009;15/05/2024 10:15:00;15/05/2024 10:52:00;USER158;COMPRA01;2;-151 €;Finalizado
SU003;OPE0010;15/05/2024 12:36:00;15/05/2024 13:32:00;USER132;COMPRA02;1;72 €;Finalizado
SU003;OPE0011;15/05/2024 21:14:00;15/05/2024 21:56:00;USER179;COMPRA01;1;-179 €;Finalizado
SU003;OPE0012;15/05/2024 08:13:00;15/05/2024 09:03:00;USER199;COMPRA01;1;-162 €;Finalizado
SU003;OPE0013;15/05/2024 00:01:00;15/05/2024 00:23:00;USER198;COMPRA01;2;14 €;Finalizado
SU003;OPE0014;15/05/2024 21:52:00;15/05/2024 22:14:00;USER164;COMPRA02;2;-47 €;Finalizado
SU003;OPE0015;15/05/2024 21:46:00;15/05/2024 21:57:00;USER110;COMPRA01;1;-231 €;Finalizado
SU003;OPE0016;15/05/2024 14:11:00;15/05/2024 14:52:00;USER131;COMPRA02;2;247 €;Finalizado
SU003;OPE0017;15/05/2024 22:43:00;15/05/2024 22:58:00;USER123;COMPRA02;2;156 €;Finalizado
SU003;OPE0018;15/05/2024 01:17:00;15/05/2024 01:32:00;USER161;COMPRA02;2;152 €;Finalizado
SU003;OPE0019;15/05/2024 10:17:00;15/05/2024 10:29:00;USER160;COMPRA01;2;-36 €;Finalizado
SU003;OPE0020;15/05/2024 11:00:00;15/05/2024 11:46:00;USER109;COMPRA01;2;-62 €;Correcto
SU001;OPE0001;15/05/2024 19:10:00;15/05/2024 19:32:00;USER136;COMPRA02;1;-232 €;Finalizado
SU001;OPE0002;15/05/2024 09:33:00;15/05/2024 09:34:00;USER115;COMPRA01;2;238 €;Finalizado
SU001;OPE0003;15/05/2024 16:10:00;15/05/2024 16:51:00;USER125;COMPRA01;2;-147 €;Finalizado
SU001;OPE0004;15/05/2024 10:46:00;15/05/2024 11:19:00;USER155;COMPRA01;2;-71 €;Correcto
SU001;OPE0005;15/05/2024 18:43:00;15/05/2024 19:31:00;USER109;COMPRA02;2;-68 €;Finalizado
SU001;OPE0006;15/05/2024 16:59:00;15/05/2024 17:47:00;USER164;COMPRA02;2;145 €;Finalizado
SU001;OPE0007;15/05/2024 16:22:00;15/05/2024 16:26:00;USER160;COMPRA02;1;174 €;Error
SU001;OPE0008;15/05/2024 17:35:00;15/05/2024 17:47:00;USER170;COMPRA02;1;247 €;Finalizado
SU001;OPE0009;15/05/2024 03:00:00;15/05/2024 03:05:00;USER121;COMPRA01;1;-186 €;Finalizado
SU001;OPE0010;15/05/2024 18:15:00;15/05/2024 19:12:00;USER127;COMPRA02;2;156 €;Finalizado
SU001;OPE0011;15/05/2024 12:20:00;15/05/2024 13:10:00;USER179;COMPRA01;1;-177 €;Finalizado
SU001;OPE0012;15/05/2024 08:29:00;15/05/2024 09:17:00;USER137;COMPRA02;2;-244 €;Finalizado
SU001;OPE0013;15/05/2024 21:21:00;15/05/2024 21:54:00;USER104;COMPRA02;1;213 €;Finalizado
SU001;OPE0014;15/05/2024 12:03:00;15/05/2024 12:40:00;USER196;COMPRA02;2;-99 €;Correcto
SU001;OPE0015;15/05/2024 03:43:00;15/05/2024 04:07:00;USER122;COMPRA02;2;16 €;Finalizado
SU001;OPE0016;15/05/2024 07:29:00;15/05/2024 08:25:00;USER147;COMPRA01;2;48 €;Finalizado
SU001;OPE0017;15/05/2024 11:36:00;15/05/2024 12:31:00;USER102;COMPRA02;1;118 €;Error
SU001;OPE0018;15/05/2024 19:01:00;15/05/2024 19:34:00;USER112;COMPRA02;1;-65 €;Finalizado
SU001;OPE0019;15/05/2024 12:12:00;15/05/2024 12:47:00;USER116;COMPRA01;2;222 €;Finalizado
SU001;OPE0020;15/05/2024 16:40:00;15/05/2024 17:36:00;USER147;COMPRA02;2;-150 €;Finalizado
SU002;OPE0001;15/05/2024 00:10:00;15/05/2024 00:26:00;USER112;COMPRA02;1;201 €;Finalizado
SU002;OPE0002;15/05/2024 23:45:00;15/05/2024 00:00:00;USER100;COMPRA02;1;-162 €;Error
SU002;OPE0003;15/05/2024 18:50:00;15/05/2024 19:28:00;USER170;COMPRA01;2;-119 €;Finalizado
SU002;OPE0004;15/05/2024 13:54:00;15/05/2024 13:59:00;USER169;COMPRA01;2;116 €;Finalizado
SU002;OPE0005;15/05/2024 06:54:00;15/05/2024 07:46:00;USER100;COMPRA02;2;91 €;Finalizado
SU002;OPE0006;15/05/2024 10:55:00;15/05/2024 11:32:00;USER107;COMPRA01;1;192 €;Correcto
SU002;OPE0007;15/05/2024 10:58:00;15/05/2024 11:49:00;USER186;COMPRA01;2;155 €;Finalizado
SU002;OPE0008;15/05/2024 04:29:00;15/05/2024 05:20:00;USER199;COMPRA02;2;43 €;Finalizado
SU002;OPE0009;15/05/2024 10:50:00;15/05/2024 11:40:00;USER142;COMPRA01;1;179 €;Finalizado
SU002;OPE0010;15/05/2024 09:03:00;15/05/2024 09:57:00;USER194;COMPRA02;1;-23 €;Finalizado
SU002;OPE0011;15/05/2024 12:34:00;15/05/2024 12:57:00;USER130;COMPRA01;1;9 €;Error
SU002;OPE0012;15/05/2024 14:42:00;15/05/2024 14:57:00;USER123;COMPRA01;2;194 €;Correcto
SU002;OPE0013;15/05/2024 09:23:00;15/05/2024 09:39:00;USER188;COMPRA02;2;-132 €;Finalizado
SU002;OPE0014;15/05/2024 23:24:00;15/05/2024 00:23:00;USER102;COMPRA01;1;123 €;Finalizado
SU002;OPE0015;15/05/2024 14:56:00;15/05/2024 15:48:00;USER197;COMPRA01;2;194 €;Finalizado
SU002;OPE0016;15/05/2024 04:01:00;15/05/2024 04:21:00;USER194;COMPRA01;2;-159 €;Finalizado
SU002;OPE0017;15/05/2024 11:28:00;15/05/2024 11:37:00;USER119;COMPRA01;2;0 €;Finalizado
SU002;OPE0018;15/05/2024 03:26:00;15/05/2024 04:19:00;USER165;COMPRA01;1;179 €;Finalizado
SU002;OPE0019;15/05/2024 19:10:00;15/05/2024 19:12:00;USER168;COMPRA02;1;220 €;Finalizado
SU002;OPE0020;15/05/2024 19:59:00;15/05/2024 20:03:00;USER153;COMPRA02;2;-85 €;Error
SU003;OPE0001;15/05/2024 06:58:00;15/05/2024 07:04:00;USER113;COMPRA02;2;-197 €;Correcto
SU003;OPE0002;15/05/2024 19:04:00;15/05/2024 19:43:00;USER145;COMPRA01;2;-205 €;Finalizado
SU003;OPE0003;15/05/2024 04:13:00;15/05/2024 04:55:00;USER128;COMPRA02;2;241 €;Finalizado
SU003;OPE0004;15/05/2024 03:55:00;15/05/2024 04:31:00;USER179;COMPRA01;1;135 €;Correcto
SU003;OPE0005;15/05/2024 12:57:00;15/05/2024 13:10:00;USER105;COMPRA01;1;113 €;Finalizado
SU003;OPE0006;15/05/2024 05:01:00;15/05/2024 05:13:00;USER124;COMPRA01;2;-161 €;Error
SU003;OPE0007;15/05/2024 05:26:00;15/05/2024 05:29:00;USER132;COMPRA01;2;127 €;Correcto
SU003;OPE0008;15/05/2024 15:10:00;15/05/2024 15:43:00;USER145;COMPRA02;1;152 €;Correcto
SU003;OPE0009;15/05/2024 08:39:00;15/05/2024 09:20:00;USER171;COMPRA01;1;-29 €;Finalizado
SU003;OPE0010;15/05/2024 00:28:00;15/05/2024 00:43:00;USER138;COMPRA01;2;202 €;Finalizado
SU003;OPE0011;15/05/2024 14:44:00;15/05/2024 15:30:00;USER161;COMPRA01;2;161 €;Finalizado
SU003;OPE0012;15/05/2024 00:49:00;15/05/2024 01:34:00;USER142;COMPRA02;2;39 €;Finalizado
SU003;OPE0013;15/05/2024 22:04:00;15/05/2024 22:41:00;USER185;COMPRA01;2;-177 €;Correcto
SU003;OPE0014;15/05/2024 05:58:00;15/05/2024 06:09:00;USER130;COMPRA02;1;8 €;Finalizado
SU003;OPE0015;15/05/2024 20:51:00;15/05/2024 21:04:00;USER185;COMPRA02;2;-37 €;Error
SU003;OPE0016;15/05/2024 23:44:00;15/05/2024 23:58:00;USER123;COMPRA02;2;-131 €;Error
SU003;OPE0017;15/05/2024 15:08:00;15/05/2024 15:24:00;USER189;COMPRA01;2;-86 €;Correcto
SU003;OPE0018;15/05/2024 17:47:00;15/05/2024 18:28:00;USER182;COMPRA01;2;157 €;Finalizado
SU003;OPE0019;15/05/2024 22:17:00;15/05/2024 22:47:00;USER147;COMPRA01;2;-230 €;Finalizado
SU003;OPE0020;15/05/2024 08:23:00;15/05/2024 09:07:00;USER122;COMPRA02;2;-33 €;Finalizado
SU001;OPE0001;15/05/2024 16:50:00;15/05/2024 17:44:00;USER140;COMPRA02;2;-64 €;Finalizado
SU001;OPE0002;15/05/2024 15:45:00;15/05/2024 15:47:00;USER161;COMPRA02;2;72 €;Finalizado
SU001;OPE0003;15/05/2024 13:54:00;15/05/2024 14:46:00;USER106;COMPRA01;2;-35 €;Finalizado
SU001;OPE0004;15/05/2024 19:49:00;15/05/2024 20:47:00;USER165;COMPRA02;2;-38 €;Finalizado
SU001;OPE0005;15/05/2024 16:34:00;15/05/2024 16:34:00;USER198;COMPRA01;1;164 €;Correcto
SU001;OPE0006;15/05/2024 08:19:00;15/05/2024 08:46:00;USER105;COMPRA01;1;110 €;Finalizado
SU001;OPE0007;15/05/2024 01:50:00;15/05/2024 02:37:00;USER188;COMPRA01;1;-71 €;Finalizado
SU001;OPE0008;15/05/2024 17:35:00;15/05/2024 17:57:00;USER151;COMPRA01;2;209 €;Correcto
SU001;OPE0009;15/05/2024 13:18:00;15/05/2024 14:06:00;USER177;COMPRA01;1;-68 €;Finalizado
SU001;OPE0010;15/05/2024 20:09:00;15/05/2024 20:33:00;USER159;COMPRA02;2;-114 €;Finalizado
SU001;OPE0011;15/05/2024 19:09:00;15/05/2024 19:49:00;USER168;COMPRA02;2;-122 €;Finalizado
SU001;OPE0012;15/05/2024 00:56:00;15/05/2024 01:40:00;USER167;COMPRA02;2;237 €;Correcto
SU001;OPE0013;15/05/2024 15:20:00;15/05/2024 15:32:00;USER122;COMPRA02;2;-49 €;Error
SU001;OPE0014;15/05/2024 22:21:00;15/05/2024 22:30:00;USER127;COMPRA01;1;109 €;Correcto
SU001;OPE0015;15/05/2024 15:21:00;15/05/2024 15:41:00;USER198;COMPRA02;1;-185 €;Finalizado
SU001;OPE0016;15/05/2024 15:04:00;15/05/2024 15:31:00;USER109;COMPRA01;2;156 €;Finalizado
SU001;OPE0017;15/05/2024 13:38:00;15/05/2024 13:44:00;USER105;COMPRA02;1;-13 €;Finalizado
SU001;OPE0018;15/05/2024 16:24:00;15/05/2024 17:22:00;USER194;COMPRA01;1;106 €;Correcto
SU001;OPE0019;15/05/2024 23:56:00;15/05/2024 00:38:00;USER131;COMPRA02;1;-3 €;Correcto
SU001;OPE0020;15/05/2024 06:45:00;15/05/2024 07:24:00;USER131;COMPRA02;2;224 €;Finalizado
SU002;OPE0001;15/05/2024 04:50:00;15/05/2024 04:52:00;USER127;COMPRA01;2;64 €;Correcto
SU002;OPE0002;15/05/2024 03:34:00;15/05/2024 04:14:00;USER185;COMPRA01;1;12 €;Finalizado
SU002;OPE0003;15/05/2024 23:06:00;15/05/2024 23:50:00;USER131;COMPRA02;2;-112 €;Finalizado
SU002;OPE0004;15/05/2024 20:00:00;15/05/2024 20:04:00;USER124;COMPRA02;2;184 €;Finalizado
SU002;OPE0005;15/05/2024 20:27:00;15/05/2024 21:25:00;USER163;COMPRA02;2;209 €;Finalizado
SU002;OPE0006;15/05/2024 11:02:00;15/05/2024 11:25:00;USER108;COMPRA02;1;-226 €;Finalizado
SU002;OPE0007;15/05/2024 07:33:00;15/05/2024 07:46:00;USER143;COMPRA01;2;153 €;Finalizado
SU002;OPE0008;15/05/2024 08:15:00;15/05/2024 08:44:00;USER188;COMPRA01;2;105 €;Finalizado
SU002;OPE0009;15/05/2024 12:05:00;15/05/2024 12:39:00;USER128;COMPRA02;1;149 €;Finalizado
SU002;OPE0010;15/05/2024 06:06:00;15/05/2024 06:18:00;USER149;COMPRA01;1;-99 €;Finalizado
SU002;OPE0011;15/05/2024 23:18:00;15/05/2024 00:15:00;USER115;COMPRA01;1;237 €;Finalizado
SU002;OPE0012;15/05/2024 07:19:00;15/05/2024 08:07:00;USER115;COMPRA01;2;45 €;Finalizado
SU002;OPE0013;15/05/2024 21:55:00;15/05/2024 22:31:00;USER166;COMPRA01;1;-105 €;Correcto
SU002;OPE0014;15/05/2024 08:55:00;15/05/2024 09:23:00;USER179;COMPRA01;2;-105 €;Finalizado
SU002;OPE0015;15/05/2024 10:40:00;15/05/2024 11:30:00;USER193;COMPRA01;2;159 €;Finalizado
SU002;OPE0016;15/05/2024 20:28:00;15/05/2024 20:53:00;USER114;COMPRA02;1;-215 €;Error
SU002;OPE0017;15/05/2024 11:05:00;15/05/2024 11:54:00;USER186;COMPRA01;2;128 €;Finalizado
SU002;OPE0018;15/05/2024 04:39:00;15/05/2024 05:25:00;USER117;COMPRA01;2;-1 €;Finalizado
SU002;OPE0019;15/05/2024 20:20:00;15/05/2024 20:53:00;USER170;COMPRA01;2;-86 €;Finalizado
SU002;OPE0020;15/05/2024 12:30:00;15/05/2024 12:41:00;USER119;COMPRA01;2;192 €;Finalizado
SU003;OPE0001;15/05/2024 04:12:00;15/05/2024 04:26:00;USER135;COMPRA01;1;248 €;Finalizado
SU003;OPE0002;15/05/2024 07:54:00;15/05/2024 08:02:00;USER164;COMPRA01;1;-73 €;Finalizado
SU003;OPE0003;15/05/2024 12:05:00;15/05/2024 12:58:00;USER110;COMPRA01;1;105 €;Finalizado
SU003;OPE0004;15/05/2024 04:26:00;15/05/2024 04:39:00;USER107;COMPRA02;1;106 €;Error
SU003;OPE0005;15/05/2024 15:35:00;15/05/2024 16:24:00;USER103;COMPRA02;2;117 €;Finalizado
SU003;OPE0006;15/05/2024 00:00:00;15/05/2024 00:52:00;USER150;COMPRA02;2;-8 €;Finalizado
SU003;OPE0007;15/05/2024 16:50:00;15/05/2024 16:56:00;USER163;COMPRA02;1;5 €;Finalizado
SU003;OPE0008;15/05/2024 12:31:00;15/05/2024 12:41:00;USER199;COMPRA02;1;93 €;Correcto
SU003;OPE0009;15/05/2024 20:05:00;15/05/2024 20:37:00;USER168;COMPRA01;2;107 €;Finalizado
SU003;OPE0010;15/05/2024 05:20:00;15/05/2024 05:30:00;USER183;COMPRA01;2;232 €;Finalizado
SU003;OPE0011;15/05/2024 22:30:00;15/05/2024 22:57:00;USER117;COMPRA02;2;-179 €;Correcto
SU003;OPE0012;15/05/2024 03:24:00;15/05/2024 04:03:00;USER185;COMPRA02;2;12 €;Finalizado
SU003;OPE0013;15/05/2024 05:50:00;15/05/2024 06:40:00;USER183;COMPRA01;1;201 €;Finalizado
SU003;OPE0014;15/05/2024 19:47:00;15/05/2024 19:47:00;USER182;COMPRA02;1;-206 €;Finalizado
SU003;OPE0015;15/05/2024 03:25:00;15/05/2024 03:25:00;USER129;COMPRA02;2;-207 €;Finalizado
SU003;OPE0016;15/05/2024 08:23:00;15/05/2024 09:04:00;USER163;COMPRA01;2;-31 €;Finalizado
SU003;OPE0017;15/05/2024 02:32:00;15/05/2024 03:16:00;USER150;COMPRA02;1;-234 €;Finalizado
SU003;OPE0018;15/05/2024 22:08:00;15/05/2024 22:20:00;USER189;COMPRA02;2;236 €;Finalizado
SU003;OPE0019;15/05/2024 05:25:00;15/05/2024 06:22:00;USER116;COMPRA02;1;-26 €;Error
SU003;OPE0020;15/05/2024 13:35:00;15/05/2024 13:39:00;USER160;COMPRA01;1;-180 €;Finalizado
SU001;OPE0001;15/05/2024 03:50:00;15/05/2024 04:49:00;USER141;COMPRA01;2;-224 €;Finalizado
SU001;OPE0002;15/05/2024 05:27:00;15/05/2024 05:35:00;USER125;COMPRA02;2;-46 €;Finalizado
SU001;OPE0003;15/05/2024 22:14:00;15/05/2024 23:00:00;USER116;COMPRA02;1;-53 €;Correcto
SU001;OPE0004;15/05/2024 23:22:00;15/05/2024 23:51:00;USER154;COMPRA01;1;-102 €;Finalizado
SU001;OPE0005;15/05/2024 05:50:00;15/05/2024 06:03:00;USER177;COMPRA01;1;-65 €;Finalizado
SU001;OPE0006;15/05/2024 12:33:00;15/05/2024 13:04:00;USER101;COMPRA01;2;-18 €;Error
SU001;OPE0007;15/05/2024 12:21:00;15/05/2024 12:50:00;USER108;COMPRA02;1;-207 €;Finalizado
SU001;OPE0008;15/05/2024 14:51:00;15/05/2024 14:52:00;USER181;COMPRA01;2;242 €;Finalizado
SU001;OPE0009;15/05/2024 04:37:00;15/05/2024 05:33:00;USER125;COMPRA01;2;214 €;Finalizado
SU001;OPE0010;15/05/2024 10:33:00;15/05/2024 10:43:00;USER151;COMPRA02;1;92 €;Error
SU001;OPE0011;15/05/2024 07:54:00;15/05/2024 08:03:00;USER188;COMPRA02;1;-20 €;Error
SU001;OPE0012;15/05/2024 15:53:00;15/05/2024 16:32:00;USER189;COMPRA01;2;-153 €;Finalizado
SU001;OPE0013;15/05/2024 16:25:00;15/05/2024 16:28:00;USER179;COMPRA01;1;-55 €;Finalizado
SU001;OPE0014;15/05/2024 16:21:00;15/05/2024 16:39:00;USER117;COMPRA02;1;44 €;Finalizado
SU001;OPE0015;15/05/2024 05:35:00;15/05/2024 06:24:00;USER106;COMPRA02;1;-217 €;Correcto
SU001;OPE0016;15/05/2024 23:49:00;15/05/2024 23:58:00;USER142;COMPRA01;2;-188 €;Correcto
SU001;OPE0017;15/05/2024 21:24:00;15/05/2024 21:42:00;USER193;COMPRA02;2;-33 €;Finalizado
SU001;OPE0018;15/05/2024 03:19:00;15/05/2024 03:44:00;USER142;COMPRA01;2;61 €;Finalizado
SU001;OPE0019;15/05/2024 10:21:00;15/05/2024 10:46:00;USER179;COMPRA01;2;157 €;Finalizado
SU001;OPE0020;15/05/2024 12:55:00;15/05/2024 12:55:00;USER125;COMPRA01;2;224 €;Finalizado
SU002;OPE0001;15/05/2024 23:24:00;15/05/2024 23:35:00;USER129;COMPRA02;2;177 €;Error
SU002;OPE0002;15/05/2024 05:50:00;15/05/2024 06:01:00;USER130;COMPRA01;1;-167 €;Error
SU002;OPE0003;15/05/2024 14:50:00;15/05/2024 15:40:00;USER125;COMPRA02;2;-205 €;Finalizado
SU002;OPE0004;15/05/2024 21:52:00;15/05/2024 21:58:00;USER188;COMPRA02;2;149 €;Finalizado
SU002;OPE0005;15/05/2024 22:07:00;15/05/2024 22:16:00;USER171;COMPRA02;2;-158 €;Finalizado
SU002;OPE0006;15/05/2024 06:01:00;15/05/2024 06:41:00;USER179;COMPRA02;2;-208 €;Correcto
SU002;OPE0007;15/05/2024 19:44:00;15/05/2024 20:00:00;USER190;COMPRA01;1;-83 €;Finalizado
SU002;OPE0008;15/05/2024 18:07:00;15/05/2024 18:56:00;USER133;COMPRA02;2;-10 €;Error
SU002;OPE0009;15/05/2024 14:24:00;15/05/2024 14:58:00;USER112;COMPRA02;2;-109 €;Finalizado
SU002;OPE0010;15/05/2024 15:05:00;15/05/2024 15:36:00;USER199;COMPRA01;1;-20 €;Correcto
SU002;OPE0011;15/05/2024 18:34:00;15/05/2024 18:50:00;USER125;COMPRA02;1;64 €;Finalizado
SU002;OPE0012;15/05/2024 12:36:00;15/05/2024 13:16:00;USER116;COMPRA02;1;-169 €;Finalizado
SU002;OPE0013;15/05/2024 16:28:00;15/05/2024 16:31:00;USER192;COMPRA01;2;-228 €;Correcto
SU002;OPE0014;15/05/2024 10:29:00;15/05/2024 10:46:00;USER192;COMPRA02;2;188 €;Finalizado
SU002;OPE0015;15/05/2024 03:43:00;15/05/2024 04:19:00;USER183;COMPRA02;2;150 €;Error
SU002;OPE0016;15/05/2024 12:17:00;15/05/2024 13:05:00;USER185;COMPRA02;1;193 €;Finalizado
SU002;OPE0017;15/05/2024 06:39:00;15/05/2024 07:35:00;USER112;COMPRA02;1;97 €;Finalizado
SU002;OPE0018;15/05/2024 17:45:00;15/05/2024 18:41:00;USER166;COMPRA02;2;23 €;Correcto
SU002;OPE0019;15/05/2024 02:34:00;15/05/2024 03:13:00;USER181;COMPRA02;2;-126 €;Correcto
SU002;OPE0020;15/05/2024 21:02:00;15/05/2024 21:55:00;USER195;COMPRA02;1;-4 €;Error
SU003;OPE0001;15/05/2024 11:59:00;15/05/2024 12:11:00;USER136;COMPRA01;1;-62 €;Finalizado
SU003;OPE0002;15/05/2024 16:39:00;15/05/2024 17:30:00;USER107;COMPRA02;1;238 €;Correcto
SU003;OPE0003;15/05/2024 12:58:00;15/05/2024 12:58:00;USER178;COMPRA01;2;-6 €;Finalizado
SU003;OPE0004;15/05/2024 08:29:00;15/05/2024 08:29:00;USER101;COMPRA01;2;-24 €;Finalizado
SU003;OPE0005;15/05/2024 07:52:00;15/05/2024 07:55:00;USER133;COMPRA02;2;124 €;Finalizado
SU003;OPE0006;15/05/2024 16:07:00;15/05/2024 16:47:00;USER151;COMPRA02;1;28 €;Correcto
SU003;OPE0007;15/05/2024 20:15:00;15/05/2024 20:31:00;USER152;COMPRA02;2;207 €;Finalizado
SU003;OPE0008;15/05/2024 03:26:00;15/05/2024 03:48:00;USER198;COMPRA02;2;113 €;Finalizado
SU003;OPE0009;15/05/2024 03:12:00;15/05/2024 03:47:00;USER144;COMPRA01;1;-10 €;Finalizado
SU003;OPE0010;15/05/2024 21:33:00;15/05/2024 21:36:00;USER181;COMPRA02;1;48 €;Finalizado
SU003;OPE0011;15/05/2024 09:18:00;15/05/2024 10:17:00;USER166;COMPRA01;2;-69 €;Finalizado
SU003;OPE0012;15/05/2024 07:04:00;15/05/2024 07:39:00;USER134;COMPRA02;1;-99 €;Finalizado
SU003;OPE0013;15/05/2024 19:57:00;15/05/2024 20:37:00;USER117;COMPRA01;2;-27 €;Finalizado
SU003;OPE0014;15/05/2024 00:43:00;15/05/2024 00:47:00;USER137;COMPRA01;2;-154 €;Correcto
SU003;OPE0015;15/05/2024 18:12:00;15/05/2024 18:39:00;USER149;COMPRA02;1;-153 €;Correcto
SU003;OPE0016;15/05/2024 03:56:00;15/05/2024 04:48:00;USER151;COMPRA01;2;-48 €;Correcto
SU003;OPE0017;15/05/2024 09:40:00;15/05/2024 10:23:00;USER143;COMPRA01;1;-50 €;Finalizado
SU003;OPE0018;15/05/2024 14:06:00;15/05/2024 14:27:00;USER140;COMPRA02;1;-210 €;Error
SU003;OPE0019;15/05/2024 21:46:00;15/05/2024 22:33:00;USER170;COMPRA01;2;-213 €;Finalizado
SU003;OPE0020;15/05/2024 00:32:00;15/05/2024 00:36:00;USER188;COMPRA02;1;-44 €;Finalizado
SU001;OPE0001;15/05/2024 03:17:00;15/05/2024 03:53:00;USER180;COMPRA02;2;22 €;Finalizado
SU001;OPE0002;15/05/2024 22:25:00;15/05/2024 22:50:00;USER141;COMPRA01;1;-184 €;Finalizado
SU001;OPE0003;15/05/2024 11:38:00;15/05/2024 11:50:00;USER178;COMPRA01;1;-187 €;Correcto
SU001;OPE0004;15/05/2024 00:34:00;15/05/2024 01:30:00;USER177;COMPRA01;2;128 €;Correcto
SU001;OPE0005;15/05/2024 18:24:00;15/05/2024 19:08:00;USER116;COMPRA01;1;-32 €;Correcto
SU001;OPE0006;15/05/2024 19:36:00;15/05/2024 20:25:00;USER143;COMPRA01;1;24 €;Finalizado
SU001;OPE0007;15/05/2024 13:42:00;15/05/2024 14:29:00;USER179;COMPRA02;1;-61 €;Finalizado
SU001;OPE0008;15/05/2024 21:08:00;15/05/2024 21:09:00;USER159;COMPRA02;1;195 €;Finalizado
SU001;OPE0009;15/05/2024 22:26:00;15/05/2024 22:58:00;USER176;COMPRA02;1;-167 €;Finalizado
SU001;OPE0010;15/05/2024 13:45:00;15/05/2024 14:01:00;USER108;COMPRA02;2;-180 €;Finalizado
SU001;OPE0011;15/05/2024 03:07:00;15/05/2024 03:57:00;USER184;COMPRA02;1;-198 €;Finalizado
SU001;OPE0012;15/05/2024 15:43:00;15/05/2024 16:38:00;USER112;COMPRA02;2;-34 €;Finalizado
SU001;OPE0013;15/05/2024 07:25:00;15/05/2024 07:29:00;USER105;COMPRA02;1;85 €;Finalizado
SU001;OPE0014;15/05/2024 05:46:00;15/05/2024 06:36:00;USER166;COMPRA02;2;56 €;Error
SU001;OPE0015;15/05/2024 01:01:00;15/05/2024 01:32:00;USER135;COMPRA02;1;197 €;Finalizado
SU001;OPE0016;15/05/2024 12:52:00;15/05/2024 12:56:00;USER162;COMPRA02;1;86 €;Finalizado
SU001;OPE0017;15/05/2024 01:02:00;15/05/2024 01:42:00;USER111;COMPRA02;1;208 €;Finalizado
SU001;OPE0018;15/05/2024 22:14:00;15/05/2024 22:45:00;USER110;COMPRA01;1;-57 €;Finalizado
SU001;OPE0019;15/05/2024 19:26:00;15/05/2024 19:48:00;USER129;COMPRA01;1;-90 €;Finalizado
SU001;OPE0020;15/05/2024 09:15:00;15/05/2024 10:06:00;USER170;COMPRA02;2;-224 €;Correcto
SU002;OPE0001;15/05/2024 06:53:00;15/05/2024 06:54:00;USER174;COMPRA02;1;-22 €;Correcto
SU002;OPE0002;15/05/2024 10:11:00;15/05/2024 10:35:00;USER115;COMPRA01;2;160 €;Finalizado
SU002;OPE0003;15/05/2024 21:07:00;15/05/2024 21:18:00;USER146;COMPRA02;2;-122 €;Finalizado
SU002;OPE0004;15/05/2024 12:12:00;15/05/2024 12:39:00;USER156;COMPRA01;1;-225 €;Correcto
SU002;OPE0005;15/05/2024 22:38:00;15/05/2024 23:03:00;USER112;COMPRA02;1;-135 €;Error
SU002;OPE0006;15/05/2024 12:51:00;15/05/2024 12:52:00;USER183;COMPRA01;2;-124 €;Finalizado
SU002;OPE0007;15/05/2024 09:30:00;15/05/2024 09:48:00;USER100;COMPRA01;2;226 €;Finalizado
SU002;OPE0008;15/05/2024 08:05:00;15/05/2024 08:45:00;USER120;COMPRA02;2;209 €;Finalizado
SU002;OPE0009;15/05/2024 21:24:00;15/05/2024 22:04:00;USER111;COMPRA02;2;65 €;Correcto
SU002;OPE0010;15/05/2024 23:48:00;15/05/2024 00:16:00;USER102;COMPRA02;1;-195 €;Finalizado
SU002;OPE0011;15/05/2024 12:06:00;15/05/2024 12:18:00;USER197;COMPRA01;1;-35 €;Finalizado
SU002;OPE0012;15/05/2024 05:16:00;15/05/2024 05:18:00;USER160;COMPRA01;2;-64 €;Finalizado
SU002;OPE0013;15/05/2024 21:47:00;15/05/2024 22:05:00;USER181;COMPRA01;2;-225 €;Finalizado
SU002;OPE0014;15/05/2024 20:02:00;15/05/2024 20:08:00;USER104;COMPRA02;1;69 €;Finalizado
SU002;OPE0015;15/05/2024 06:53:00;15/05/2024 07:42:00;USER135;COMPRA02;2;151 €;Finalizado
SU002;OPE0016;15/05/2024 15:39:00;15/05/2024 16:18:00;USER154;COMPRA01;2;-159 €;Finalizado
SU002;OPE0017;15/05/2024 14:03:00;15/05/2024 14:22:00;USER103;COMPRA02;1;101 €;Finalizado
SU002;OPE0018;15/05/2024 07:34:00;15/05/2024 08:14:00;USER106;COMPRA01;1;203 €;Finalizado
SU002;OPE0019;15/05/2024 16:53:00;15/05/2024 16:55:00;USER139;COMPRA01;1;-83 €;Finalizado
SU002;OPE0020;15/05/2024 03:02:00;15/05/2024 03:08:00;USER117;COMPRA01;2;-191 €;Error
SU003;OPE0001;15/05/2024 17:27:00;15/05/2024 18:23:00;USER122;COMPRA02;1;114 €;Correcto
SU003;OPE0002;15/05/2024 19:47:00;15/05/2024 20:00:00;USER191;COMPRA02;1;138 €;Finalizado
SU003;OPE0003;15/05/2024 07:22:00;15/05/2024 07:39:00;USER119;COMPRA02;2;-101 €;Finalizado
SU003;OPE0004;15/05/2024 05:27:00;15/05/2024 06:26:00;USER170;COMPRA02;2;95 €;Finalizado
SU003;OPE0005;15/05/2024 16:14:00;15/05/2024 16:56:00;USER114;COMPRA01;2;182 €;Finalizado
SU003;OPE0006;15/05/2024 07:59:00;15/05/2024 08:36:00;USER166;COMPRA02;1;-212 €;Finalizado
SU003;OPE0007;15/05/2024 07:09:00;15/05/2024 07:40:00;USER126;COMPRA01;2;-233 €;Finalizado
SU003;OPE0008;15/05/2024 19:18:00;15/05/2024 20:07:00;USER141;COMPRA02;2;38 €;Finalizado
SU003;OPE0009;15/05/2024 13:52:00;15/05/2024 14:35:00;USER157;COMPRA01;1;-240 €;Correcto
SU003;OPE0010;15/05/2024 17:06:00;15/05/2024 17:19:00;USER136;COMPRA02;2;-167 €;Finalizado
SU003;OPE0011;15/05/2024 23:32:00;15/05/2024 00:26:00;USER198;COMPRA02;1;-83 €;Finalizado
SU003;OPE0012;15/05/2024 08:14:00;15/05/2024 08:24:00;USER164;COMPRA01;1;249 €;Finalizado
SU003;OPE0013;15/05/2024 16:32:00;15/05/2024 16:54:00;USER186;COMPRA02;2;141 €;Correcto
SU003;OPE0014;15/05/2024 07:07:00;15/05/2024 07:41:00;USER143;COMPRA02;2;177 €;Finalizado
SU003;OPE0015;15/05/2024 10:45:00;15/05/2024 11:05:00;USER139;COMPRA02;2;-80 €;Correcto
SU003;OPE0016;15/05/2024 21:14:00;15/05/2024 22:08:00;USER163;COMPRA01;1;-183 €;Error
SU003;OPE0017;15/05/2024 03:02:00;15/05/2024 03:32:00;USER126;COMPRA02;1;159 €;Finalizado
SU003;OPE0018;15/05/2024 21:24:00;15/05/2024 22:04:00;USER154;COMPRA02;2;149 €;Finalizado
SU003;OPE0019;15/05/2024 11:21:00;15/05/2024 12:01:00;USER175;COMPRA01;2;236 €;Finalizado
SU003;OPE0020;15/05/2024 22:01:00;15/05/2024 22:12:00;USER174;COMPRA02;1;234 €;Finalizado
SU001;OPE0001;15/05/2024 23:07:00;15/05/2024 23:56:00;USER180;COMPRA02;2;133 €;Finalizado
SU001;OPE0002;15/05/2024 12:05:00;15/05/2024 12:08:00;USER192;COMPRA02;2;222 €;Finalizado
SU001;OPE0003;15/05/2024 01:37:00;15/05/2024 02:06:00;USER152;COMPRA02;1;-179 €;Correcto
SU001;OPE0004;15/05/2024 23:13:00;15/05/2024 23:21:00;USER124;COMPRA02;1;132 €;Finalizado
SU001;OPE0005;15/05/2024 18:59:00;15/05/2024 19:12:00;USER147;COMPRA01;2;116 €;Finalizado
SU001;OPE0006;15/05/2024 19:39:00;15/05/2024 19:56:00;USER173;COMPRA01;1;-86 €;Finalizado
SU001;OPE0007;15/05/2024 19:12:00;15/05/2024 19:26:00;USER160;COMPRA02;2;-248 €;Finalizado
SU001;OPE0008;15/05/2024 05:52:00;15/05/2024 06:21:00;USER152;COMPRA01;1;35 €;Finalizado
SU001;OPE0009;15/05/2024 00:41:00;15/05/2024 01:18:00;USER162;COMPRA02;2;-121 €;Finalizado
SU001;OPE0010;15/05/2024 20:01:00;15/05/2024 20:15:00;USER127;COMPRA02;1;120 €;Finalizado
SU001;OPE0011;15/05/2024 01:36:00;15/05/2024 02:29:00;USER102;COMPRA02;1;-98 €;Correcto
SU001;OPE0012;15/05/2024 23:07:00;15/05/2024 23:12:00;USER125;COMPRA02;1;-127 €;Finalizado
SU001;OPE0013;15/05/2024 21:58:00;15/05/2024 22:23:00;USER196;COMPRA02;2;-217 €;Error
SU001;OPE0014;15/05/2024 06:49:00;15/05/2024 06:50:00;USER183;COMPRA02;1;35 €;Correcto
SU001;OPE0015;15/05/2024 14:02:00;15/05/2024 14:30:00;USER137;COMPRA02;2;162 €;Finalizado
SU001;OPE0016;15/05/2024 19:16:00;15/05/2024 19:55:00;USER140;COMPRA02;2;-120 €;Finalizado
SU001;OPE0017;15/05/2024 20:24:00;15/05/2024 21:11:00;USER102;COMPRA01;2;22 €;Finalizado
SU001;OPE0018;15/05/2024 16:42:00;15/05/2024 17:31:00;USER152;COMPRA02;2;130 €;Finalizado
SU001;OPE0019;15/05/2024 15:15:00;15/05/2024 15:24:00;USER185;COMPRA01;2;-131 €;Correcto
SU001;OPE0020;15/05/2024 14:14:00;15/05/2024 14:32:00;USER147;COMPRA01;2;131 €;Finalizado
SU002;OPE0001;15/05/2024 06:10:00;15/05/2024 06:42:00;USER196;COMPRA01;1;-219 €;Finalizado
SU002;OPE0002;15/05/2024 16:34:00;15/05/2024 16:41:00;USER133;COMPRA02;2;121 €;Correcto
SU002;OPE0003;15/05/2024 16:12:00;15/05/2024 16:37:00;USER116;COMPRA01;2;102 €;Error
SU002;OPE0004;15/05/2024 01:08:00;15/05/2024 01:50:00;USER161;COMPRA02;2;-89 €;Finalizado
SU002;OPE0005;15/05/2024 17:16:00;15/05/2024 17:28:00;USER184;COMPRA01;1;-26 €;Finalizado
SU002;OPE0006;15/05/2024 01:57:00;15/05/2024 02:21:00;USER198;COMPRA01;1;-71 €;Finalizado
SU002;OPE0007;15/05/2024 13:13:00;15/05/2024 13:36:00;USER115;COMPRA02;1;-58 €;Correcto
SU002;OPE0008;15/05/2024 00:19:00;15/05/2024 01:08:00;USER142;COMPRA01;2;45 €;Finalizado
SU002;OPE0009;15/05/2024 07:44:00;15/05/2024 07:44:00;USER181;COMPRA02;2;-196 €;Finalizado
SU002;OPE0010;15/05/2024 04:16:00;15/05/2024 04:27:00;USER184;COMPRA02;1;167 €;Finalizado
SU002;OPE0011;15/05/2024 19:34:00;15/05/2024 19:47:00;USER108;COMPRA01;2;-174 €;Error
SU002;OPE0012;15/05/2024 00:58:00;15/05/2024 01:27:00;USER125;COMPRA02;1;212 €;Error
SU002;OPE0013;15/05/2024 01:00:00;15/05/2024 01:48:00;USER123;COMPRA02;2;230 €;Correcto
SU002;OPE0014;15/05/2024 03:22:00;15/05/2024 03:44:00;USER116;COMPRA01;1;45 €;Finalizado
SU002;OPE0015;15/05/2024 01:59:00;15/05/2024 02:41:00;USER133;COMPRA01;1;195 €;Finalizado
SU002;OPE0016;15/05/2024 04:15:00;15/05/2024 04:19:00;USER124;COMPRA02;2;166 €;Finalizado
SU002;OPE0017;15/05/2024 04:23:00;15/05/2024 04:46:00;USER107;COMPRA01;1;198 €;Correcto
SU002;OPE0018;15/05/2024 20:17:00;15/05/2024 20:54:00;USER196;COMPRA02;2;228 €;Finalizado
SU002;OPE0019;15/05/2024 13:11:00;15/05/2024 13:53:00;USER174;COMPRA01;1;206 €;Finalizado
SU002;OPE0020;15/05/2024 10:30:00;15/05/2024 10:36:00;USER108;COMPRA01;2;-81 €;Finalizado
SU003;OPE0001;15/05/2024 04:23:00;15/05/2024 04:52:00;USER130;COMPRA02;1;-81 €;Correcto
SU003;OPE0002;15/05/2024 13:34:00;15/05/2024 14:25:00;USER184;COMPRA01;2;-120 €;Correcto
SU003;OPE0003;15/05/2024 22:22:00;15/05/2024 22:28:00;USER173;COMPRA01;2;-193 €;Finalizado
SU003;OPE0004;15/05/2024 10:53:00;15/05/2024 11:12:00;USER120;COMPRA02;2;171 €;Error
SU003;OPE0005;15/05/2024 10:21:00;15/05/2024 11:08:00;USER143;COMPRA02;1;-31 €;Finalizado
SU003;OPE0006;15/05/2024 02:10:00;15/05/2024 02:19:00;USER137;COMPRA02;2;-200 €;Finalizado
SU003;OPE0007;15/05/2024 09:06:00;15/05/2024 09:43:00;USER124;COMPRA01;2;-191 €;Correcto
SU003;OPE0008;15/05/2024 22:19:00;15/05/2024 22:59:00;USER122;COMPRA01;1;-151 €;Finalizado
SU003;OPE0009;15/05/2024 17:04:00;15/05/2024 17:06:00;USER134;COMPRA01;1;-102 €;Finalizado
SU003;OPE0010;15/05/2024 20:24:00;15/05/2024 20:54:00;USER104;COMPRA02;2;21 €;Finalizado
SU003;OPE0011;15/05/2024 14:07:00;15/05/2024 14:23:00;USER100;COMPRA01;2;-196 €;Finalizado
SU003;OPE0012;15/05/2024 23:57:00;15/05/2024 00:23:00;USER124;COMPRA01;2;196 €;Finalizado
SU003;OPE0013;15/05/2024 04:22:00;15/05/2024 05:18:00;USER149;COMPRA02;1;31 €;Finalizado
SU003;OPE0014;15/05/2024 18:10:00;15/05/2024 18:32:00;USER113;COMPRA01;1;125 €;Finalizado
SU003;OPE0015;15/05/2024 23:40:00;15/05/2024 00:09:00;USER174;COMPRA02;2;-107 €;Finalizado
SU003;OPE0016;15/05/2024 09:09:00;15/05/2024 09:22:00;USER139;COMPRA02;2;11 €;Finalizado
SU003;OPE0017;15/05/2024 11:30:00;15/05/2024 12:24:00;USER168;COMPRA02;2;-138 €;Finalizado
SU003;OPE0018;15/05/2024 22:46:00;15/05/2024 23:35:00;USER121;COMPRA01;2;201 €;Finalizado
SU003;OPE0019;15/05/2024 09:23:00;15/05/2024 10:03:00;USER181;COMPRA01;1;6 €;Error
SU003;OPE0020;15/05/2024 14:57:00;15/05/2024 15:15:00;USER131;COMPRA02;2;-236 €;Finalizado
SU001;OPE0001;15/05/2024 00:22:00;15/05/2024 01:03:00;USER171;COMPRA01;1;44 €;Correcto
SU001;OPE0002;15/05/2024 16:24:00;15/05/2024 17:21:00;USER197;COMPRA02;2;92 €;Finalizado
SU001;OPE0003;15/05/2024 18:37:00;15/05/2024 18:52:00;USER164;COMPRA01;1;72 €;Finalizado
SU001;OPE0004;15/05/2024 04:42:00;15/05/2024 05:00:00;USER104;COMPRA02;1;-125 €;Correcto
SU001;OPE0005;15/05/2024 02:44:00;15/05/2024 02:52:00;USER117;COMPRA02;2;-61 €;Correcto
SU001;OPE0006;15/05/2024 18:56:00;15/05/2024 19:06:00;USER111;COMPRA01;1;68 €;Finalizado
SU001;OPE0007;15/05/2024 22:16:00;15/05/2024 23:03:00;USER173;COMPRA02;1;-81 €;Finalizado
SU001;OPE0008;15/05/2024 03:20:00;15/05/2024 04:10:00;USER165;COMPRA01;1;-66 €;Finalizado
SU001;OPE0009;15/05/2024 22:51:00;15/05/2024 23:14:00;USER185;COMPRA01;1;62 €;Correcto
SU001;OPE0010;15/05/2024 06:56:00;15/05/2024 06:56:00;USER157;COMPRA02;2;-153 €;Correcto
SU001;OPE0011;15/05/2024 10:20:00;15/05/2024 11:06:00;USER174;COMPRA01;2;25 €;Error
SU001;OPE0012;15/05/2024 19:04:00;15/05/2024 19:18:00;USER140;COMPRA01;1;248 €;Finalizado
SU001;OPE0013;15/05/2024 09:41:00;15/05/2024 09:58:00;USER121;COMPRA02;2;-80 €;Finalizado
SU001;OPE0014;15/05/2024 13:18:00;15/05/2024 13:28:00;USER153;COMPRA02;2;88 €;Finalizado
SU001;OPE0015;15/05/2024 17:22:00;15/05/2024 17:22:00;USER109;COMPRA02;2;-79 €;Finalizado
SU001;OPE0016;15/05/2024 01:41:00;15/05/2024 02:31:00;USER136;COMPRA02;1;59 €;Finalizado
SU001;OPE0017;15/05/2024 02:54:00;15/05/2024 03:44:00;USER125;COMPRA01;1;-156 €;Correcto
SU001;OPE0018;15/05/2024 22:05:00;15/05/2024 22:47:00;USER181;COMPRA01;1;-75 €;Finalizado
SU001;OPE0019;15/05/2024 23:28:00;15/05/2024 00:24:00;USER137;COMPRA01;2;-66 €;Error
SU001;OPE0020;15/05/2024 12:31:00;15/05/2024 12:40:00;USER138;COMPRA01;1;166 €;Finalizado
SU002;OPE0001;15/05/2024 18:05:00;15/05/2024 18:15:00;USER122;COMPRA01;1;-53 €;Correcto
SU002;OPE0002;15/05/2024 20:19:00;15/05/2024 20:46:00;USER104;COMPRA02;2;188 €;Finalizado
SU002;OPE0003;15/05/2024 13:47:00;15/05/2024 14:21:00;USER135;COMPRA02;2;-175 €;Finalizado
SU002;OPE0004;15/05/2024 06:10:00;15/05/2024 06:58:00;USER147;COMPRA01;1;132 €;Error
SU002;OPE0005;15/05/2024 03:56:00;15/05/2024 04:24:00;USER163;COMPRA01;2;-135 €;Error
SU002;OPE0006;15/05/2024 15:20:00;15/05/2024 15:52:00;USER162;COMPRA02;1;-190 €;Correcto
SU002;OPE0007;15/05/2024 05:08:00;15/05/2024 05:14:00;USER169;COMPRA01;1;-104 €;Error
SU002;OPE0008;15/05/2024 19:04:00;15/05/2024 19:55:00;USER181;COMPRA02;1;120 €;Error
SU002;OPE0009;15/05/2024 18:02:00;15/05/2024 18:31:00;USER165;COMPRA01;1;-100 €;Finalizado
SU002;OPE0010;15/05/2024 09:15:00;15/05/2024 09:39:00;USER190;COMPRA01;2;-6 €;Correcto
SU002;OPE0011;15/05/2024 02:10:00;15/05/2024 02:17:00;USER171;COMPRA01;2;-195 €;Correcto
SU002;OPE0012;15/05/2024 17:43:00;15/05/2024 18:23:00;USER134;COMPRA01;2;9 €;Finalizado
SU002;OPE0013;15/05/2024 23:48:00;15/05/2024 00:00:00;USER196;COMPRA01;1;229 €;Finalizado
SU002;OPE0014;15/05/2024 16:21:00;15/05/2024 16:55:00;USER186;COMPRA02;1;-191 €;Finalizado
SU002;OPE0015;15/05/2024 18:36:00;15/05/2024 18:42:00;USER199;COMPRA01;2;-227 €;Finalizado
SU002;OPE0016;15/05/2024 22:37:00;15/05/2024 23:08:00;USER179;COMPRA01;2;-106 €;Finalizado
SU002;OPE0017;15/05/2024 08:34:00;15/05/2024 09:12:00;USER182;COMPRA02;1;-56 €;Correcto
SU002;OPE0018;15/05/2024 06:03:00;15/05/2024 06:21:00;USER130;COMPRA01;2;43 €;Finalizado
SU002;OPE0019;15/05/2024 09:21:00;15/05/2024 09:37:00;USER131;COMPRA02;1;-107 €;Finalizado
SU002;OPE0020;15/05/2024 10:37:00;15/05/2024 11:11:00;USER124;COMPRA02;2;133 €;Correcto
SU003;OPE0001;15/05/2024 07:00:00;15/05/2024 07:48:00;USER147;COMPRA02;1;-118 €;Correcto
SU003;OPE0002;15/05/2024 06:46:00;15/05/2024 07:17:00;USER184;COMPRA02;1;96 €;Finalizado
SU003;OPE0003;15/05/2024 20:41:00;15/05/2024 21:12:00;USER136;COMPRA01;2;110 €;Correcto
SU003;OPE0004;15/05/2024 11:41:00;15/05/2024 11:45:00;USER137;COMPRA02;1;27 €;Correcto
SU003;OPE0005;15/05/2024 09:48:00;15/05/2024 10:15:00;USER126;COMPRA01;2;121 €;Finalizado
SU003;OPE0006;15/05/2024 18:18:00;15/05/2024 18:53:00;USER108;COMPRA02;1;195 €;Correcto
SU003;OPE0007;15/05/2024 04:59:00;15/05/2024 05:34:00;USER189;COMPRA01;1;36 €;Finalizado
SU003;OPE0008;15/05/2024 19:38:00;15/05/2024 20:12:00;USER193;COMPRA02;1;214 €;Finalizado
SU003;OPE0009;15/05/2024 18:19:00;15/05/2024 18:53:00;USER164;COMPRA01;2;-98 €;Correcto
SU003;OPE0010;15/05/2024 11:09:00;15/05/2024 12:01:00;USER148;COMPRA01;1;234 €;Finalizado
SU003;OPE0011;15/05/2024 18:50:00;15/05/2024 19:45:00;USER159;COMPRA01;1;-49 €;Correcto
SU003;OPE0012;15/05/2024 12:35:00;15/05/2024 13:09:00;USER103;COMPRA01;2;-139 €;Error
SU003;OPE0013;15/05/2024 22:40:00;15/05/2024 23:01:00;USER167;COMPRA02;2;55 €;Correcto
SU003;OPE0014;15/05/2024 16:52:00;15/05/2024 16:52:00;USER116;COMPRA01;1;-116 €;Finalizado
SU003;OPE0015;15/05/2024 08:27:00;15/05/2024 08:32:00;USER186;COMPRA01;1;248 €;Finalizado
SU003;OPE0016;15/05/2024 03:12:00;15/05/2024 03:20:00;USER150;COMPRA02;1;100 €;Finalizado
SU003;OPE0017;15/05/2024 04:14:00;15/05/2024 05:07:00;USER147;COMPRA01;2;-2 €;Finalizado
SU003;OPE0018;15/05/2024 04:49:00;15/05/2024 05:42:00;USER139;COMPRA01;1;65 €;Finalizado
SU003;OPE0019;15/05/2024 12:49:00;15/05/2024 13:36:00;USER189;COMPRA01;1;190 €;Error
SU003;OPE0020;15/05/2024 11:01:00;15/05/2024 11:42:00;USER101;COMPRA01;1;185 €;Finalizado
SU001;OPE0001;15/05/2024 08:46:00;15/05/2024 09:18:00;USER196;COMPRA01;1;-113 €;Finalizado
SU001;OPE0002;15/05/2024 10:23:00;15/05/2024 11:12:00;USER124;COMPRA01;1;92 €;Finalizado
SU001;OPE0003;15/05/2024 19:05:00;15/05/2024 19:50:00;USER191;COMPRA02;1;17 €;Error
SU001;OPE0004;15/05/2024 03:07:00;15/05/2024 03:28:00;USER113;COMPRA01;2;-47 €;Finalizado
SU001;OPE0005;15/05/2024 04:49:00;15/05/2024 05:32:00;USER144;COMPRA01;2;-229 €;Error
SU001;OPE0006;15/05/2024 20:52:00;15/05/2024 21:44:00;USER165;COMPRA02;2;129 €;Finalizado
SU001;OPE0007;15/05/2024 02:37:00;15/05/2024 03:29:00;USER185;COMPRA01;1;167 €;Finalizado
SU001;OPE0008;15/05/2024 01:10:00;15/05/2024 01:47:00;USER165;COMPRA01;2;-90 €;Finalizado
SU001;OPE0009;15/05/2024 03:27:00;15/05/2024 03:44:00;USER144;COMPRA02;2;-181 €;Error
SU001;OPE0010;15/05/2024 04:09:00;15/05/2024 05:03:00;USER193;COMPRA02;1;-72 €;Finalizado
SU001;OPE0011;15/05/2024 22:46:00;15/05/2024 22:56:00;USER125;COMPRA02;1;81 €;Correcto
SU001;OPE0012;15/05/2024 08:17:00;15/05/2024 09:08:00;USER197;COMPRA01;2;224 €;Finalizado
SU001;OPE0013;15/05/2024 12:07:00;15/05/2024 12:15:00;USER133;COMPRA01;1;2 €;Finalizado
SU001;OPE0014;15/05/2024 09:45:00;15/05/2024 10:38:00;USER139;COMPRA01;1;41 €;Correcto
SU001;OPE0015;15/05/2024 11:31:00;15/05/2024 12:11:00;USER139;COMPRA01;1;-166 €;Finalizado
SU001;OPE0016;15/05/2024 03:31:00;15/05/2024 03:42:00;USER136;COMPRA01;1;-176 €;Error
SU001;OPE0017;15/05/2024 13:38:00;15/05/2024 14:26:00;USER170;COMPRA01;2;42 €;Correcto
SU001;OPE0018;15/05/2024 13:53:00;15/05/2024 14:41:00;USER146;COMPRA01;2;62 €;Finalizado
SU001;OPE0019;15/05/2024 23:35:00;15/05/2024 00:11:00;USER173;COMPRA02;2;-142 €;Finalizado
SU001;OPE0020;15/05/2024 18:24:00;15/05/2024 18:40:00;USER127;COMPRA01;1;223 €;Error
SU002;OPE0001;15/05/2024 07:22:00;15/05/2024 07:29:00;USER107;COMPRA02;2;-15 €;Finalizado
SU002;OPE0002;15/05/2024 17:29:00;15/05/2024 18:17:00;USER187;COMPRA01;1;148 €;Error
SU002;OPE0003;15/05/2024 01:58:00;15/05/2024 02:51:00;USER138;COMPRA02;2;-108 €;Finalizado
SU002;OPE0004;15/05/2024 06:40:00;15/05/2024 07:31:00;USER178;COMPRA02;1;87 €;Finalizado
SU002;OPE0005;15/05/2024 11:21:00;15/05/2024 11:27:00;USER158;COMPRA02;1;-122 €;Finalizado
SU002;OPE0006;15/05/2024 12:58:00;15/05/2024 13:06:00;USER126;COMPRA02;1;235 €;Finalizado
SU002;OPE0007;15/05/2024 21:47:00;15/05/2024 22:14:00;USER119;COMPRA02;1;-214 €;Finalizado
SU002;OPE0008;15/05/2024 22:23:00;15/05/2024 23:18:00;USER136;COMPRA01;2;13 €;Finalizado
SU002;OPE0009;15/05/2024 01:57:00;15/05/2024 02:53:00;USER144;COMPRA01;1;-200 €;Finalizado
SU002;OPE0010;15/05/2024 02:55:00;15/05/2024 03:36:00;USER185;COMPRA01;1;41 €;Finalizado
SU002;OPE0011;15/05/2024 01:49:00;15/05/2024 01:54:00;USER141;COMPRA02;1;141 €;Correcto
SU002;OPE0012;15/05/2024 00:59:00;15/05/2024 01:44:00;USER117;COMPRA01;1;-83 €;Correcto
SU002;OPE0013;15/05/2024 02:48:00;15/05/2024 02:50:00;USER198;COMPRA01;1;135 €;Finalizado
SU002;OPE0014;15/05/2024 16:33:00;15/05/2024 16:44:00;USER135;COMPRA01;2;-5 €;Error
SU002;OPE0015;15/05/2024 06:38:00;15/05/2024 07:29:00;USER176;COMPRA01;1;-158 €;Finalizado
SU002;OPE0016;15/05/2024 16:36:00;15/05/2024 17:01:00;USER135;COMPRA02;2;-67 €;Finalizado
SU002;OPE0017;15/05/2024 18:25:00;15/05/2024 18:59:00;USER196;COMPRA01;1;-168 €;Finalizado
SU002;OPE0018;15/05/2024 05:11:00;15/05/2024 05:52:00;USER139;COMPRA01;2;-168 €;Finalizado
SU002;OPE0019;15/05/2024 10:07:00;15/05/2024 10:25:00;USER188;COMPRA02;2;-4 €;Finalizado
SU002;OPE0020;15/05/2024 01:31:00;15/05/2024 02:00:00;USER178;COMPRA02;2;52 €;Error
SU003;OPE0001;15/05/2024 15:07:00;15/05/2024 15:26:00;USER196;COMPRA01;1;-178 €;Finalizado
SU003;OPE0002;15/05/2024 13:40:00;15/05/2024 14:27:00;USER108;COMPRA02;2;110 €;Finalizado
SU003;OPE0003;15/05/2024 10:36:00;15/05/2024 11:14:00;USER120;COMPRA01;1;165 €;Finalizado
SU003;OPE0004;15/05/2024 19:41:00;15/05/2024 20:16:00;USER151;COMPRA02;1;225 €;Correcto
SU003;OPE0005;15/05/2024 21:12:00;15/05/2024 21:47:00;USER151;COMPRA01;2;-83 €;Finalizado
SU003;OPE0006;15/05/2024 18:29:00;15/05/2024 19:26:00;USER143;COMPRA02;2;-145 €;Correcto
SU003;OPE0007;15/05/2024 01:19:00;15/05/2024 02:18:00;USER106;COMPRA01;2;106 €;Finalizado
SU003;OPE0008;15/05/2024 12:57:00;15/05/2024 13:52:00;USER106;COMPRA02;1;220 €;Finalizado
SU003;OPE0009;15/05/2024 13:29:00;15/05/2024 14:24:00;USER190;COMPRA02;2;-77 €;Finalizado
SU003;OPE0010;15/05/2024 10:15:00;15/05/2024 11:05:00;USER155;COMPRA02;2;233 €;Finalizado
SU003;OPE0011;15/05/2024 08:58:00;15/05/2024 09:45:00;USER196;COMPRA02;1;-114 €;Correcto
SU003;OPE0012;15/05/2024 14:19:00;15/05/2024 15:03:00;USER174;COMPRA01;1;112 €;Finalizado
SU003;OPE0013;15/05/2024 06:11:00;15/05/2024 06:48:00;USER200;COMPRA01;1;111 €;Finalizado
SU003;OPE0014;15/05/2024 13:27:00;15/05/2024 14:26:00;USER139;COMPRA02;1;12 €;Error
SU003;OPE0015;15/05/2024 13:18:00;15/05/2024 14:06:00;USER165;COMPRA02;1;-107 €;Correcto
SU003;OPE0016;15/05/2024 02:29:00;15/05/2024 03:24:00;USER169;COMPRA01;1;-191 €;Finalizado
SU003;OPE0017;15/05/2024 01:03:00;15/05/2024 01:55:00;USER116;COMPRA01;2;63 €;Finalizado
SU003;OPE0018;15/05/2024 05:08:00;15/05/2024 06:00:00;USER196;COMPRA01;2;-158 €;Finalizado
SU003;OPE0019;15/05/2024 10:11:00;15/05/2024 10:54:00;USER106;COMPRA01;2;101 €;Finalizado
SU003;OPE0020;15/05/2024 22:01:00;15/05/2024 22:57:00;USER124;COMPRA02;2;-95 €;Finalizado
SU001;OPE0001;15/05/2024 00:24:00;15/05/2024 01:01:00;USER125;COMPRA01;1;225 €;Finalizado
SU001;OPE0002;15/05/2024 12:22:00;15/05/2024 12:39:00;USER115;COMPRA02;2;-182 €;Error
SU001;OPE0003;15/05/2024 09:20:00;15/05/2024 09:53:00;USER104;COMPRA02;1;197 €;Finalizado
SU001;OPE0004;15/05/2024 13:44:00;15/05/2024 14:01:00;USER143;COMPRA02;2;72 €;Finalizado
SU001;OPE0005;15/05/2024 12:46:00;15/05/2024 12:58:00;USER124;COMPRA01;1;-20 €;Finalizado
SU001;OPE0006;15/05/2024 10:11:00;15/05/2024 10:12:00;USER151;COMPRA02;2;41 €;Error
SU001;OPE0007;15/05/2024 16:42:00;15/05/2024 17:02:00;USER166;COMPRA01;1;-173 €;Error
SU001;OPE0008;15/05/2024 01:15:00;15/05/2024 01:19:00;USER152;COMPRA01;2;-216 €;Error
SU001;OPE0009;15/05/2024 11:02:00;15/05/2024 11:33:00;USER123;COMPRA01;1;123 €;Finalizado
SU001;OPE0010;15/05/2024 05:21:00;15/05/2024 05:54:00;USER135;COMPRA01;1;239 €;Finalizado
SU001;OPE0011;15/05/2024 07:40:00;15/05/2024 07:41:00;USER182;COMPRA01;2;-248 €;Finalizado
SU001;OPE0012;15/05/2024 05:49:00;15/05/2024 06:07:00;USER153;COMPRA01;1;236 €;Correcto
SU001;OPE0013;15/05/2024 11:23:00;15/05/2024 11:41:00;USER115;COMPRA02;1;-176 €;Finalizado
SU001;OPE0014;15/05/2024 15:19:00;15/05/2024 15:39:00;USER193;COMPRA02;2;-118 €;Error
SU001;OPE0015;15/05/2024 09:11:00;15/05/2024 09:21:00;USER173;COMPRA02;2;-69 €;Correcto
SU001;OPE0016;15/05/2024 20:04:00;15/05/2024 20:31:00;USER118;COMPRA02;2;-222 €;Finalizado
SU001;OPE0017;15/05/2024 02:08:00;15/05/2024 02:43:00;USER105;COMPRA01;2;213 €;Correcto
SU001;OPE0018;15/05/2024 02:49:00;15/05/2024 03:25:00;USER168;COMPRA02;1;-193 €;Correcto
SU001;OPE0019;15/05/2024 18:54:00;15/05/2024 19:34:00;USER179;COMPRA01;1;-91 €;Finalizado
SU001;OPE0020;15/05/2024 14:17:00;15/05/2024 14:19:00;USER140;COMPRA02;2;3 €;Error
SU002;OPE0001;15/05/2024 18:36:00;15/05/2024 19:24:00;USER108;COMPRA01;2;26 €;Correcto
SU002;OPE0002;15/05/2024 05:52:00;15/05/2024 05:58:00;USER136;COMPRA01;1;91 €;Finalizado
SU002;OPE0003;15/05/2024 20:31:00;15/05/2024 20:38:00;USER128;COMPRA02;2;-36 €;Finalizado
SU002;OPE0004;15/05/2024 00:16:00;15/05/2024 00:36:00;USER173;COMPRA01;1;-111 €;Finalizado
SU002;OPE0005;15/05/2024 00:03:00;15/05/2024 00:20:00;USER179;COMPRA01;1;-12 €;Error
SU002;OPE0006;15/05/2024 23:16:00;15/05/2024 23:24:00;USER192;COMPRA01;2;-154 €;Finalizado
SU002;OPE0007;15/05/2024 23:07:00;15/05/2024 23:54:00;USER189;COMPRA01;1;-214 €;Error
SU002;OPE0008;15/05/2024 01:30:00;15/05/2024 02:07:00;USER179;COMPRA01;1;60 €;Finalizado
SU002;OPE0009;15/05/2024 10:45:00;15/05/2024 11:33:00;USER148;COMPRA01;1;-64 €;Finalizado
SU002;OPE0010;15/05/2024 04:37:00;15/05/2024 05:22:00;USER104;COMPRA01;1;153 €;Finalizado
SU002;OPE0011;15/05/2024 07:45:00;15/05/2024 08:40:00;USER118;COMPRA01;2;201 €;Finalizado
SU002;OPE0012;15/05/2024 02:06:00;15/05/2024 02:38:00;USER124;COMPRA02;2;218 €;Finalizado
SU002;OPE0013;15/05/2024 20:27:00;15/05/2024 21:19:00;USER116;COMPRA01;2;73 €;Finalizado
SU002;OPE0014;15/05/2024 04:20:00;15/05/2024 04:46:00;USER164;COMPRA02;1;200 €;Finalizado
SU002;OPE0015;15/05/2024 11:04:00;15/05/2024 11:44:00;USER133;COMPRA02;2;-113 €;Finalizado
SU002;OPE0016;15/05/2024 22:55:00;15/05/2024 23:31:00;USER179;COMPRA02;2;-129 €;Error
SU002;OPE0017;15/05/2024 19:53:00;15/05/2024 20:31:00;USER162;COMPRA02;2;219 €;Finalizado
SU002;OPE0018;15/05/2024 10:33:00;15/05/2024 10:58:00;USER145;COMPRA01;2;-185 €;Finalizado
SU002;OPE0019;15/05/2024 11:40:00;15/05/2024 11:57:00;USER163;COMPRA02;2;-41 €;Finalizado
SU002;OPE0020;15/05/2024 10:57:00;15/05/2024 11:53:00;USER130;COMPRA02;1;185 €;Finalizado
SU003;OPE0001;15/05/2024 23:48:00;15/05/2024 00:38:00;USER133;COMPRA01;2;-2 €;Finalizado
SU003;OPE0002;15/05/2024 09:00:00;15/05/2024 09:42:00;USER158;COMPRA01;2;91 €;Finalizado
SU003;OPE0003;15/05/2024 11:36:00;15/05/2024 12:29:00;USER137;COMPRA01;1;-30 €;Finalizado
SU003;OPE0004;15/05/2024 19:19:00;15/05/2024 19:27:00;USER163;COMPRA01;2;32 €;Error
SU003;OPE0005;15/05/2024 01:25:00;15/05/2024 01:28:00;USER177;COMPRA01;1;-107 €;Finalizado
SU003;OPE0006;15/05/2024 05:42:00;15/05/2024 06:03:00;USER148;COMPRA02;1;144 €;Error
SU003;OPE0007;15/05/2024 07:58:00;15/05/2024 08:06:00;USER127;COMPRA02;2;-78 €;Correcto
SU003;OPE0008;15/05/2024 20:45:00;15/05/2024 21:20:00;USER134;COMPRA02;1;-153 €;Finalizado
SU003;OPE0009;15/05/2024 08:16:00;15/05/2024 08:43:00;USER194;COMPRA02;1;22 €;Finalizado
SU003;OPE0010;15/05/2024 01:31:00;15/05/2024 02:20:00;USER197;COMPRA01;2;-41 €;Finalizado
SU003;OPE0011;15/05/2024 11:51:00;15/05/2024 12:22:00;USER142;COMPRA02;2;-204 €;Finalizado
SU003;OPE0012;15/05/2024 08:47:00;15/05/2024 09:12:00;USER151;COMPRA02;2;-191 €;Finalizado
SU003;OPE0013;15/05/2024 22:49:00;15/05/2024 23:35:00;USER109;COMPRA01;2;62 €;Finalizado
SU003;OPE0014;15/05/2024 10:42:00;15/05/2024 11:20:00;USER137;COMPRA01;1;239 €;Finalizado
SU003;OPE0015;15/05/2024 22:07:00;15/05/2024 22:53:00;USER122;COMPRA01;1;190 €;Finalizado
SU003;OPE0016;15/05/2024 02:23:00;15/05/2024 02:45:00;USER124;COMPRA01;1;-81 €;Correcto
SU003;OPE0017;15/05/2024 07:59:00;15/05/2024 08:02:00;USER159;COMPRA01;2;-238 €;Finalizado
SU003;OPE0018;15/05/2024 21:55:00;15/05/2024 21:57:00;USER187;COMPRA01;2;-123 €;Finalizado
SU003;OPE0019;15/05/2024 00:37:00;15/05/2024 01:34:00;USER123;COMPRA02;1;185 €;Finalizado
SU003;OPE0020;15/05/2024 22:01:00;15/05/2024 22:14:00;USER195;COMPRA02;2;54 €;Finalizado
SU002;OPE0001;15/05/2024 18:57:00;15/05/2024 19:45:00;USER187;COMPRA01;2;-118 €;Finalizado
SU002;OPE0002;15/05/2024 16:33:00;15/05/2024 17:22:00;USER165;COMPRA02;1;142 €;Finalizado
SU002;OPE0003;15/05/2024 11:57:00;15/05/2024 12:34:00;USER139;COMPRA02;1;83 €;Correcto
SU002;OPE0004;15/05/2024 02:09:00;15/05/2024 02:38:00;USER193;COMPRA02;1;49 €;Finalizado
SU002;OPE0005;15/05/2024 09:55:00;15/05/2024 10:05:00;USER106;COMPRA01;2;-85 €;Finalizado
SU002;OPE0006;15/05/2024 03:59:00;15/05/2024 04:28:00;USER134;COMPRA02;1;-186 €;Correcto
SU002;OPE0007;15/05/2024 19:43:00;15/05/2024 20:42:00;USER127;COMPRA02;2;-235 €;Correcto
SU002;OPE0008;15/05/2024 07:04:00;15/05/2024 07:29:00;USER137;COMPRA02;1;206 €;Correcto
SU002;OPE0009;15/05/2024 00:18:00;15/05/2024 00:42:00;USER182;COMPRA02;1;-18 €;Finalizado
SU002;OPE0010;15/05/2024 03:45:00;15/05/2024 04:33:00;USER147;COMPRA01;1;-39 €;Finalizado
SU002;OPE0011;15/05/2024 12:04:00;15/05/2024 12:30:00;USER142;COMPRA01;1;-122 €;Finalizado
SU002;OPE0012;15/05/2024 18:37:00;15/05/2024 19:05:00;USER155;COMPRA01;2;122 €;Correcto
SU002;OPE0013;15/05/2024 23:18:00;15/05/2024 23:25:00;USER129;COMPRA02;1;9 €;Correcto
SU002;OPE0014;15/05/2024 12:17:00;15/05/2024 12:27:00;USER156;COMPRA02;2;-233 €;Finalizado
SU002;OPE0015;15/05/2024 04:58:00;15/05/2024 05:11:00;USER153;COMPRA02;2;87 €;Error
SU002;OPE0016;15/05/2024 01:19:00;15/05/2024 01:59:00;USER174;COMPRA02;1;200 €;Finalizado
SU002;OPE0017;15/05/2024 13:57:00;15/05/2024 14:45:00;USER116;COMPRA01;1;55 €;Finalizado
SU002;OPE0018;15/05/2024 09:25:00;15/05/2024 10:06:00;USER165;COMPRA02;1;133 €;Finalizado
SU002;OPE0019;15/05/2024 07:36:00;15/05/2024 07:52:00;USER145;COMPRA02;1;164 €;Finalizado
SU002;OPE0020;15/05/2024 17:08:00;15/05/2024 18:03:00;USER162;COMPRA02;2;-82 €;Finalizado
SU003;OPE0001;15/05/2024 10:59:00;15/05/2024 11:50:00;USER175;COMPRA02;1;162 €;Finalizado
SU003;OPE0002;15/05/2024 21:33:00;15/05/2024 21:45:00;USER197;COMPRA01;2;96 €;Finalizado
SU003;OPE0003;15/05/2024 04:41:00;15/05/2024 04:41:00;USER173;COMPRA02;2;110 €;Finalizado
SU003;OPE0004;15/05/2024 20:24:00;15/05/2024 21:15:00;USER150;COMPRA01;1;99 €;Finalizado
SU003;OPE0005;15/05/2024 16:00:00;15/05/2024 16:50:00;USER122;COMPRA02;2;67 €;Finalizado
SU003;OPE0006;15/05/2024 22:12:00;15/05/2024 22:20:00;USER151;COMPRA01;2;136 €;Finalizado
SU003;OPE0007;15/05/2024 21:07:00;15/05/2024 21:31:00;USER178;COMPRA01;1;-61 €;Finalizado
SU003;OPE0008;15/05/2024 17:14:00;15/05/2024 18:11:00;USER126;COMPRA02;1;67 €;Finalizado
SU003;OPE0009;15/05/2024 14:06:00;15/05/2024 14:13:00;USER153;COMPRA02;1;-181 €;Error
SU003;OPE0010;15/05/2024 19:38:00;15/05/2024 20:20:00;USER147;COMPRA01;2;131 €;Error
SU003;OPE0011;15/05/2024 01:23:00;15/05/2024 01:50:00;USER190;COMPRA02;2;134 €;Finalizado
SU003;OPE0012;15/05/2024 15:26:00;15/05/2024 16:14:00;USER124;COMPRA01;1;-147 €;Finalizado
SU003;OPE0013;15/05/2024 21:12:00;15/05/2024 21:39:00;USER192;COMPRA01;1;211 €;Finalizado
SU003;OPE0014;15/05/2024 04:55:00;15/05/2024 05:41:00;USER163;COMPRA02;2;-58 €;Finalizado
SU003;OPE0015;15/05/2024 20:07:00;15/05/2024 20:09:00;USER192;COMPRA02;1;-57 €;Finalizado
SU003;OPE0016;15/05/2024 23:04:00;15/05/2024 23:05:00;USER122;COMPRA01;1;12 €;Correcto
SU003;OPE0017;15/05/2024 18:05:00;15/05/2024 19:00:00;USER134;COMPRA02;2;-15 €;Finalizado
SU003;OPE0018;15/05/2024 15:46:00;15/05/2024 15:49:00;USER189;COMPRA01;1;56 €;Finalizado
SU003;OPE0019;15/05/2024 15:43:00;15/05/2024 16:02:00;USER105;COMPRA01;2;183 €;Finalizado
SU003;OPE0020;15/05/2024 02:03:00;15/05/2024 02:54:00;USER182;COMPRA01;1;210 €;Finalizado
SU001;OPE0001;15/05/2024 01:56:00;15/05/2024 02:36:00;USER175;COMPRA02;2;78 €;Error
SU001;OPE0002;15/05/2024 08:49:00;15/05/2024 09:05:00;USER102;COMPRA02;1;204 €;Finalizado
SU001;OPE0003;15/05/2024 12:51:00;15/05/2024 13:48:00;USER132;COMPRA02;2;148 €;Error
SU001;OPE0004;15/05/2024 10:27:00;15/05/2024 10:27:00;USER130;COMPRA02;2;71 €;Correcto
SU001;OPE0005;15/05/2024 07:54:00;15/05/2024 08:36:00;USER139;COMPRA01;2;217 €;Finalizado
SU001;OPE0006;15/05/2024 18:04:00;15/05/2024 18:16:00;USER146;COMPRA02;2;-50 €;Correcto
SU001;OPE0007;15/05/2024 00:05:00;15/05/2024 00:28:00;USER112;COMPRA01;2;-234 €;Finalizado
SU001;OPE0008;15/05/2024 04:24:00;15/05/2024 05:02:00;USER189;COMPRA01;2;228 €;Correcto
SU001;OPE0009;15/05/2024 09:08:00;15/05/2024 09:32:00;USER135;COMPRA02;1;239 €;Correcto
SU001;OPE0010;15/05/2024 14:06:00;15/05/2024 14:11:00;USER173;COMPRA02;1;168 €;Correcto
SU001;OPE0011;15/05/2024 05:29:00;15/05/2024 06:26:00;USER137;COMPRA01;2;-14 €;Finalizado
SU001;OPE0012;15/05/2024 08:20:00;15/05/2024 09:07:00;USER144;COMPRA01;1;-179 €;Finalizado
SU001;OPE0013;15/05/2024 10:55:00;15/05/2024 11:08:00;USER124;COMPRA01;1;-232 €;Finalizado
SU001;OPE0014;15/05/2024 19:16:00;15/05/2024 19:22:00;USER149;COMPRA01;2;-108 €;Finalizado
SU001;OPE0015;15/05/2024 12:22:00;15/05/2024 12:44:00;USER130;COMPRA02;2;178 €;Finalizado
SU001;OPE0016;15/05/2024 20:29:00;15/05/2024 21:00:00;USER194;COMPRA01;2;-229 €;Finalizado
SU001;OPE0017;15/05/2024 16:49:00;15/05/2024 17:45:00;USER136;COMPRA01;2;-239 €;Error
SU001;OPE0018;15/05/2024 01:55:00;15/05/2024 02:32:00;USER112;COMPRA01;1;-28 €;Finalizado
SU001;OPE0019;15/05/2024 18:59:00;15/05/2024 19:23:00;USER137;COMPRA01;1;227 €;Error
SU001;OPE0020;15/05/2024 05:13:00;15/05/2024 05:34:00;USER119;COMPRA01;1;-67 €;Finalizado
SU001;OPE0001;15/05/2024 20:10:00;15/05/2024 20:42:00;USER119;COMPRA01;2;-123 €;Error
SU001;OPE0002;15/05/2024 04:17:00;15/05/2024 04:22:00;USER190;COMPRA02;1;-103 €;Error
SU001;OPE0003;15/05/2024 19:45:00;15/05/2024 20:08:00;USER172;COMPRA01;1;43 €;Finalizado
SU001;OPE0004;15/05/2024 01:14:00;15/05/2024 01:34:00;USER105;COMPRA02;2;81 €;Finalizado
SU001;OPE0005;15/05/2024 18:07:00;15/05/2024 18:24:00;USER116;COMPRA02;2;229 €;Error
SU001;OPE0006;15/05/2024 07:54:00;15/05/2024 08:41:00;USER175;COMPRA02;2;-162 €;Correcto
SU001;OPE0007;15/05/2024 15:46:00;15/05/2024 16:19:00;USER192;COMPRA02;2;8 €;Correcto
SU001;OPE0008;15/05/2024 07:49:00;15/05/2024 08:17:00;USER190;COMPRA02;1;170 €;Correcto
SU001;OPE0009;15/05/2024 15:23:00;15/05/2024 16:21:00;USER130;COMPRA02;1;137 €;Finalizado
SU001;OPE0010;15/05/2024 04:44:00;15/05/2024 05:14:00;USER121;COMPRA02;2;-220 €;Correcto
SU001;OPE0011;15/05/2024 16:32:00;15/05/2024 17:27:00;USER100;COMPRA01;2;-186 €;Error
SU001;OPE0012;15/05/2024 01:14:00;15/05/2024 01:39:00;USER151;COMPRA02;2;-112 €;Finalizado
SU001;OPE0013;15/05/2024 02:31:00;15/05/2024 02:47:00;USER118;COMPRA02;2;95 €;Finalizado
SU001;OPE0014;15/05/2024 01:53:00;15/05/2024 02:20:00;USER141;COMPRA02;1;47 €;Finalizado
SU001;OPE0015;15/05/2024 22:14:00;15/05/2024 22:32:00;USER195;COMPRA02;2;33 €;Finalizado
SU001;OPE0016;15/05/2024 00:10:00;15/05/2024 00:55:00;USER106;COMPRA01;2;-223 €;Finalizado
SU001;OPE0017;15/05/2024 22:20:00;15/05/2024 23:02:00;USER188;COMPRA01;2;-191 €;Finalizado
SU001;OPE0018;15/05/2024 01:48:00;15/05/2024 02:38:00;USER164;COMPRA01;1;-112 €;Correcto
SU001;OPE0019;15/05/2024 17:27:00;15/05/2024 18:25:00;USER133;COMPRA02;1;-197 €;Finalizado
SU001;OPE0020;15/05/2024 13:58:00;15/05/2024 14:46:00;USER165;COMPRA01;1;-207 €;Correcto
SU001;OPE0001;15/05/2024 00:57:00;15/05/2024 01:14:00;USER117;COMPRA02;1;-139 €;Finalizado
SU001;OPE0002;15/05/2024 09:31:00;15/05/2024 10:14:00;USER158;COMPRA02;1;-52 €;Finalizado
SU001;OPE0003;15/05/2024 23:32:00;15/05/2024 23:51:00;USER168;COMPRA01;2;-219 €;Finalizado
SU001;OPE0004;15/05/2024 04:24:00;15/05/2024 05:18:00;USER100;COMPRA02;2;-164 €;Finalizado
SU001;OPE0005;15/05/2024 05:06:00;15/05/2024 05:42:00;USER123;COMPRA02;1;157 €;Finalizado
SU001;OPE0006;15/05/2024 14:37:00;15/05/2024 15:08:00;USER135;COMPRA02;1;-22 €;Finalizado
SU001;OPE0007;15/05/2024 20:13:00;15/05/2024 21:12:00;USER160;COMPRA02;1;-65 €;Finalizado
SU001;OPE0008;15/05/2024 07:33:00;15/05/2024 08:04:00;USER105;COMPRA01;1;-34 €;Finalizado
SU001;OPE0009;15/05/2024 09:18:00;15/05/2024 09:29:00;USER169;COMPRA02;2;-3 €;Correcto
SU001;OPE0010;15/05/2024 12:58:00;15/05/2024 13:33:00;USER160;COMPRA02;2;165 €;Correcto
SU001;OPE0011;15/05/2024 01:57:00;15/05/2024 02:34:00;USER148;COMPRA02;2;182 €;Finalizado
SU001;OPE0012;15/05/2024 15:46:00;15/05/2024 15:56:00;USER168;COMPRA02;2;-8 €;Finalizado
SU001;OPE0013;15/05/2024 09:20:00;15/05/2024 10:04:00;USER181;COMPRA02;1;71 €;Finalizado
SU001;OPE0014;15/05/2024 19:12:00;15/05/2024 19:15:00;USER181;COMPRA01;2;234 €;Correcto
SU001;OPE0015;15/05/2024 01:54:00;15/05/2024 01:59:00;USER182;COMPRA01;1;-238 €;Finalizado
SU001;OPE0016;15/05/2024 13:41:00;15/05/2024 13:50:00;USER136;COMPRA02;2;-249 €;Correcto
SU001;OPE0017;15/05/2024 01:44:00;15/05/2024 02:04:00;USER100;COMPRA02;2;-80 €;Finalizado
SU001;OPE0018;15/05/2024 02:46:00;15/05/2024 02:50:00;USER174;COMPRA01;2;170 €;Finalizado
SU001;OPE0019;15/05/2024 00:30:00;15/05/2024 01:25:00;USER165;COMPRA02;1;-185 €;Finalizado
SU001;OPE0020;15/05/2024 05:10:00;15/05/2024 06:04:00;USER176;COMPRA02;2;72 €;Finalizado
